[     132ms] [WARNING] Failed to decode downloaded font: http://localhost:6011/fonts/Commissioner-Regular-latin.woff2 @ http://localhost:6011/login:0
[     133ms] [WARNING] OTS parsing error: invalid sfntVersion: 1008813135 @ http://localhost:6011/login:0
[     133ms] [WARNING] Failed to decode downloaded font: http://localhost:6011/fonts/Commissioner-Medium-latin.woff2 @ http://localhost:6011/login:0
[     133ms] [WARNING] OTS parsing error: invalid sfntVersion: 1008813135 @ http://localhost:6011/login:0
[     263ms] [INFO] %cDownload the React DevTools for a better development experience: https://react.dev/link/react-devtools font-weight:bold @ webpack-internal:///(app-pages-browser)/../../node_modules/next/dist/compiled/react-dom/cjs/react-dom-client.development.js:25630
[     325ms] [WARNING] Failed to decode downloaded font: http://localhost:6011/fonts/Commissioner-Regular-latin.woff2 @ http://localhost:6011/login:0
[     325ms] [WARNING] OTS parsing error: invalid sfntVersion: 1008813135 @ http://localhost:6011/login:0
[     325ms] [WARNING] Failed to decode downloaded font: http://localhost:6011/fonts/Commissioner-Medium-latin.woff2 @ http://localhost:6011/login:0
[     325ms] [WARNING] OTS parsing error: invalid sfntVersion: 1008813135 @ http://localhost:6011/login:0
[    3329ms] [WARNING] The resource http://localhost:6011/_next/static/css/app/layout.css?v=1789997158918 was preloaded using link preload but not used within a few seconds from the window's load event. Please make sure it has an appropriate `as` value and it is preloaded intentionally. @ http://localhost:6011/login:0
[   25447ms] [LOG] [Fast Refresh] rebuilding @ webpack-internal:///(app-pages-browser)/../../node_modules/next/dist/client/dev/hot-reloader/app/hot-reloader-app.js:196
[   25658ms] [LOG] [Fast Refresh] done in 211ms @ webpack-internal:///(app-pages-browser)/../../node_modules/next/dist/client/dev/report-hmr-latency.js:13
[   25700ms] [WARNING] Failed to decode downloaded font: http://localhost:6011/fonts/Commissioner-Regular-latin.woff2 @ webpack-internal:///(app-pages-browser)/../../node_modules/sonner/dist/index.mjs:594
[   25700ms] [WARNING] OTS parsing error: invalid sfntVersion: 1008813135 @ webpack-internal:///(app-pages-browser)/../../node_modules/sonner/dist/index.mjs:594
[   25700ms] [WARNING] Failed to decode downloaded font: http://localhost:6011/fonts/Commissioner-Medium-latin.woff2 @ webpack-internal:///(app-pages-browser)/../../node_modules/sonner/dist/index.mjs:594
[   25700ms] [WARNING] OTS parsing error: invalid sfntVersion: 1008813135 @ webpack-internal:///(app-pages-browser)/../../node_modules/sonner/dist/index.mjs:594
[   26016ms] [WARNING] Failed to decode downloaded font: http://localhost:6011/fonts/Commissioner-Regular-latin.woff2 @ http://localhost:6011/login:0
[   26016ms] [WARNING] OTS parsing error: invalid sfntVersion: 1008813135 @ http://localhost:6011/login:0
[   26016ms] [WARNING] Failed to decode downloaded font: http://localhost:6011/fonts/Commissioner-Regular-latin.woff2 @ http://localhost:6011/login:0
[   26016ms] [WARNING] OTS parsing error: invalid sfntVersion: 1008813135 @ http://localhost:6011/login:0
[   26016ms] [WARNING] Failed to decode downloaded font: http://localhost:6011/fonts/Commissioner-Medium-latin.woff2 @ http://localhost:6011/login:0
[   26016ms] [WARNING] OTS parsing error: invalid sfntVersion: 1008813135 @ http://localhost:6011/login:0
[   26016ms] [WARNING] Failed to decode downloaded font: http://localhost:6011/fonts/Commissioner-Medium-latin.woff2 @ http://localhost:6011/login:0
[   26016ms] [WARNING] OTS parsing error: invalid sfntVersion: 1008813135 @ http://localhost:6011/login:0
[   26107ms] [LOG] [Fast Refresh] rebuilding @ webpack-internal:///(app-pages-browser)/../../node_modules/next/dist/client/dev/hot-reloader/app/hot-reloader-app.js:196
[   26580ms] [LOG] [Fast Refresh] done in 474ms @ webpack-internal:///(app-pages-browser)/../../node_modules/next/dist/client/dev/report-hmr-latency.js:13
[   26748ms] [WARNING] Failed to decode downloaded font: http://localhost:6011/fonts/Commissioner-Regular-latin.woff2 @ webpack-internal:///(app-pages-browser)/../../node_modules/next/dist/client/components/layout-router.js:97
[   26749ms] [WARNING] OTS parsing error: invalid sfntVersion: 1008813135 @ webpack-internal:///(app-pages-browser)/../../node_modules/next/dist/client/components/layout-router.js:97
[   26749ms] [WARNING] Failed to decode downloaded font: http://localhost:6011/fonts/Commissioner-Medium-latin.woff2 @ webpack-internal:///(app-pages-browser)/../../node_modules/next/dist/client/components/layout-router.js:97
[   26749ms] [WARNING] OTS parsing error: invalid sfntVersion: 1008813135 @ webpack-internal:///(app-pages-browser)/../../node_modules/next/dist/client/components/layout-router.js:97
[   26802ms] [LOG] [Fast Refresh] rebuilding @ webpack-internal:///(app-pages-browser)/../../node_modules/next/dist/client/dev/hot-reloader/app/hot-reloader-app.js:196
[   26892ms] [LOG] [Fast Refresh] done in 90ms @ webpack-internal:///(app-pages-browser)/../../node_modules/next/dist/client/dev/report-hmr-latency.js:13
[   29896ms] [WARNING] The resource http://localhost:6011/_next/static/css/app/layout.css?v=1789997158918 was preloaded using link preload but not used within a few seconds from the window's load event. Please make sure it has an appropriate `as` value and it is preloaded intentionally. @ http://localhost:6011/:0
[   29896ms] [WARNING] The resource http://localhost:6011/_next/static/css/app/layout.css?v=1789997184756 was preloaded using link preload but not used within a few seconds from the window's load event. Please make sure it has an appropriate `as` value and it is preloaded intentionally. @ http://localhost:6011/:0
[   39195ms] [INFO] %cDownload the React DevTools for a better development experience: https://react.dev/link/react-devtools font-weight:bold @ webpack-internal:///(app-pages-browser)/../../node_modules/next/dist/compiled/react-dom/cjs/react-dom-client.development.js:25630
[   39848ms] [LOG] [Fast Refresh] rebuilding @ webpack-internal:///(app-pages-browser)/../../node_modules/next/dist/client/dev/hot-reloader/app/hot-reloader-app.js:196
[   40058ms] [LOG] [Fast Refresh] done in 210ms @ webpack-internal:///(app-pages-browser)/../../node_modules/next/dist/client/dev/report-hmr-latency.js:13
[   40422ms] [INFO] %cDownload the React DevTools for a better development experience: https://react.dev/link/react-devtools font-weight:bold @ webpack-internal:///(app-pages-browser)/../../node_modules/next/dist/compiled/react-dom/cjs/react-dom-client.development.js:25630
[   40534ms] [LOG] [Fast Refresh] rebuilding @ webpack-internal:///(app-pages-browser)/../../node_modules/next/dist/client/dev/hot-reloader/app/hot-reloader-app.js:196
[   40637ms] [LOG] [Fast Refresh] done in 102ms @ webpack-internal:///(app-pages-browser)/../../node_modules/next/dist/client/dev/report-hmr-latency.js:13
[   41339ms] [LOG] [Fast Refresh] rebuilding @ webpack-internal:///(app-pages-browser)/../../node_modules/next/dist/client/dev/hot-reloader/app/hot-reloader-app.js:196
[   41527ms] [LOG] [Fast Refresh] done in 188ms @ webpack-internal:///(app-pages-browser)/../../node_modules/next/dist/client/dev/report-hmr-latency.js:13
[   41771ms] [INFO] %cDownload the React DevTools for a better development experience: https://react.dev/link/react-devtools font-weight:bold @ webpack-internal:///(app-pages-browser)/../../node_modules/next/dist/compiled/react-dom/cjs/react-dom-client.development.js:25630
[   41889ms] [LOG] [Fast Refresh] rebuilding @ webpack-internal:///(app-pages-browser)/../../node_modules/next/dist/client/dev/hot-reloader/app/hot-reloader-app.js:196
[   41988ms] [LOG] [Fast Refresh] done in 99ms @ webpack-internal:///(app-pages-browser)/../../node_modules/next/dist/client/dev/report-hmr-latency.js:13
[   42698ms] [LOG] [Fast Refresh] rebuilding @ webpack-internal:///(app-pages-browser)/../../node_modules/next/dist/client/dev/hot-reloader/app/hot-reloader-app.js:196
[   42897ms] [LOG] [Fast Refresh] done in 198ms @ webpack-internal:///(app-pages-browser)/../../node_modules/next/dist/client/dev/report-hmr-latency.js:13
[   43153ms] [INFO] %cDownload the React DevTools for a better development experience: https://react.dev/link/react-devtools font-weight:bold @ webpack-internal:///(app-pages-browser)/../../node_modules/next/dist/compiled/react-dom/cjs/react-dom-client.development.js:25630
[   43255ms] [LOG] [Fast Refresh] rebuilding @ webpack-internal:///(app-pages-browser)/../../node_modules/next/dist/client/dev/hot-reloader/app/hot-reloader-app.js:196
[   43368ms] [LOG] [Fast Refresh] done in 113ms @ webpack-internal:///(app-pages-browser)/../../node_modules/next/dist/client/dev/report-hmr-latency.js:13
[   44084ms] [LOG] [Fast Refresh] rebuilding @ webpack-internal:///(app-pages-browser)/../../node_modules/next/dist/client/dev/hot-reloader/app/hot-reloader-app.js:196
[   44456ms] [LOG] [Fast Refresh] done in 372ms @ webpack-internal:///(app-pages-browser)/../../node_modules/next/dist/client/dev/report-hmr-latency.js:13
[   44781ms] [INFO] %cDownload the React DevTools for a better development experience: https://react.dev/link/react-devtools font-weight:bold @ webpack-internal:///(app-pages-browser)/../../node_modules/next/dist/compiled/react-dom/cjs/react-dom-client.development.js:25630
[   44899ms] [LOG] [Fast Refresh] rebuilding @ webpack-internal:///(app-pages-browser)/../../node_modules/next/dist/client/dev/hot-reloader/app/hot-reloader-app.js:196
[   45025ms] [LOG] [Fast Refresh] done in 126ms @ webpack-internal:///(app-pages-browser)/../../node_modules/next/dist/client/dev/report-hmr-latency.js:13
[   45797ms] [LOG] [Fast Refresh] rebuilding @ webpack-internal:///(app-pages-browser)/../../node_modules/next/dist/client/dev/hot-reloader/app/hot-reloader-app.js:196
[   46145ms] [LOG] [Fast Refresh] done in 347ms @ webpack-internal:///(app-pages-browser)/../../node_modules/next/dist/client/dev/report-hmr-latency.js:13
[   46411ms] [INFO] %cDownload the React DevTools for a better development experience: https://react.dev/link/react-devtools font-weight:bold @ webpack-internal:///(app-pages-browser)/../../node_modules/next/dist/compiled/react-dom/cjs/react-dom-client.development.js:25630
[   47855ms] [LOG] [Fast Refresh] rebuilding @ webpack-internal:///(app-pages-browser)/../../node_modules/next/dist/client/dev/hot-reloader/app/hot-reloader-app.js:196
[   48110ms] [LOG] [Fast Refresh] done in 256ms @ webpack-internal:///(app-pages-browser)/../../node_modules/next/dist/client/dev/report-hmr-latency.js:13
[   48353ms] [INFO] %cDownload the React DevTools for a better development experience: https://react.dev/link/react-devtools font-weight:bold @ webpack-internal:///(app-pages-browser)/../../node_modules/next/dist/compiled/react-dom/cjs/react-dom-client.development.js:25630
[   48473ms] [LOG] [Fast Refresh] rebuilding @ webpack-internal:///(app-pages-browser)/../../node_modules/next/dist/client/dev/hot-reloader/app/hot-reloader-app.js:196
[   48616ms] [LOG] [Fast Refresh] done in 143ms @ webpack-internal:///(app-pages-browser)/../../node_modules/next/dist/client/dev/report-hmr-latency.js:13
[   49371ms] [LOG] [Fast Refresh] rebuilding @ webpack-internal:///(app-pages-browser)/../../node_modules/next/dist/client/dev/hot-reloader/app/hot-reloader-app.js:196
[   49544ms] [LOG] [Fast Refresh] done in 173ms @ webpack-internal:///(app-pages-browser)/../../node_modules/next/dist/client/dev/report-hmr-latency.js:13
[   49864ms] [INFO] %cDownload the React DevTools for a better development experience: https://react.dev/link/react-devtools font-weight:bold @ webpack-internal:///(app-pages-browser)/../../node_modules/next/dist/compiled/react-dom/cjs/react-dom-client.development.js:25630
[   49970ms] [LOG] [Fast Refresh] rebuilding @ webpack-internal:///(app-pages-browser)/../../node_modules/next/dist/client/dev/hot-reloader/app/hot-reloader-app.js:196
[   50126ms] [LOG] [Fast Refresh] done in 156ms @ webpack-internal:///(app-pages-browser)/../../node_modules/next/dist/client/dev/report-hmr-latency.js:13
[   50948ms] [LOG] [Fast Refresh] rebuilding @ webpack-internal:///(app-pages-browser)/../../node_modules/next/dist/client/dev/hot-reloader/app/hot-reloader-app.js:196
[   51241ms] [LOG] [Fast Refresh] done in 294ms @ webpack-internal:///(app-pages-browser)/../../node_modules/next/dist/client/dev/report-hmr-latency.js:13
[   51564ms] [INFO] %cDownload the React DevTools for a better development experience: https://react.dev/link/react-devtools font-weight:bold @ webpack-internal:///(app-pages-browser)/../../node_modules/next/dist/compiled/react-dom/cjs/react-dom-client.development.js:25630
[   51697ms] [LOG] [Fast Refresh] rebuilding @ webpack-internal:///(app-pages-browser)/../../node_modules/next/dist/client/dev/hot-reloader/app/hot-reloader-app.js:196
[   51877ms] [LOG] [Fast Refresh] done in 180ms @ webpack-internal:///(app-pages-browser)/../../node_modules/next/dist/client/dev/report-hmr-latency.js:13
[   52669ms] [LOG] [Fast Refresh] rebuilding @ webpack-internal:///(app-pages-browser)/../../node_modules/next/dist/client/dev/hot-reloader/app/hot-reloader-app.js:196
[   52894ms] [LOG] [Fast Refresh] done in 224ms @ webpack-internal:///(app-pages-browser)/../../node_modules/next/dist/client/dev/report-hmr-latency.js:13
[   53209ms] [INFO] %cDownload the React DevTools for a better development experience: https://react.dev/link/react-devtools font-weight:bold @ webpack-internal:///(app-pages-browser)/../../node_modules/next/dist/compiled/react-dom/cjs/react-dom-client.development.js:25630
[   53344ms] [LOG] [Fast Refresh] rebuilding @ webpack-internal:///(app-pages-browser)/../../node_modules/next/dist/client/dev/hot-reloader/app/hot-reloader-app.js:196
[   53519ms] [LOG] [Fast Refresh] done in 176ms @ webpack-internal:///(app-pages-browser)/../../node_modules/next/dist/client/dev/report-hmr-latency.js:13
[   54348ms] [LOG] [Fast Refresh] rebuilding @ webpack-internal:///(app-pages-browser)/../../node_modules/next/dist/client/dev/hot-reloader/app/hot-reloader-app.js:196
[   54539ms] [LOG] [Fast Refresh] done in 191ms @ webpack-internal:///(app-pages-browser)/../../node_modules/next/dist/client/dev/report-hmr-latency.js:13
[   54854ms] [INFO] %cDownload the React DevTools for a better development experience: https://react.dev/link/react-devtools font-weight:bold @ webpack-internal:///(app-pages-browser)/../../node_modules/next/dist/compiled/react-dom/cjs/react-dom-client.development.js:25630
[   54983ms] [LOG] [Fast Refresh] rebuilding @ webpack-internal:///(app-pages-browser)/../../node_modules/next/dist/client/dev/hot-reloader/app/hot-reloader-app.js:196
[   55176ms] [LOG] [Fast Refresh] done in 194ms @ webpack-internal:///(app-pages-browser)/../../node_modules/next/dist/client/dev/report-hmr-latency.js:13
[   56236ms] [INFO] %cDownload the React DevTools for a better development experience: https://react.dev/link/react-devtools font-weight:bold @ webpack-internal:///(app-pages-browser)/../../node_modules/next/dist/compiled/react-dom/cjs/react-dom-client.development.js:25630
[   57080ms] [INFO] %cDownload the React DevTools for a better development experience: https://react.dev/link/react-devtools font-weight:bold @ webpack-internal:///(app-pages-browser)/../../node_modules/next/dist/compiled/react-dom/cjs/react-dom-client.development.js:25630
[   57909ms] [INFO] %cDownload the React DevTools for a better development experience: https://react.dev/link/react-devtools font-weight:bold @ webpack-internal:///(app-pages-browser)/../../node_modules/next/dist/compiled/react-dom/cjs/react-dom-client.development.js:25630
[   58737ms] [INFO] %cDownload the React DevTools for a better development experience: https://react.dev/link/react-devtools font-weight:bold @ webpack-internal:///(app-pages-browser)/../../node_modules/next/dist/compiled/react-dom/cjs/react-dom-client.development.js:25630
[   59551ms] [INFO] %cDownload the React DevTools for a better development experience: https://react.dev/link/react-devtools font-weight:bold @ webpack-internal:///(app-pages-browser)/../../node_modules/next/dist/compiled/react-dom/cjs/react-dom-client.development.js:25630
[   60443ms] [INFO] %cDownload the React DevTools for a better development experience: https://react.dev/link/react-devtools font-weight:bold @ webpack-internal:///(app-pages-browser)/../../node_modules/next/dist/compiled/react-dom/cjs/react-dom-client.development.js:25630
[   61242ms] [INFO] %cDownload the React DevTools for a better development experience: https://react.dev/link/react-devtools font-weight:bold @ webpack-internal:///(app-pages-browser)/../../node_modules/next/dist/compiled/react-dom/cjs/react-dom-client.development.js:25630
[   62041ms] [INFO] %cDownload the React DevTools for a better development experience: https://react.dev/link/react-devtools font-weight:bold @ webpack-internal:///(app-pages-browser)/../../node_modules/next/dist/compiled/react-dom/cjs/react-dom-client.development.js:25630
[   62854ms] [INFO] %cDownload the React DevTools for a better development experience: https://react.dev/link/react-devtools font-weight:bold @ webpack-internal:///(app-pages-browser)/../../node_modules/next/dist/compiled/react-dom/cjs/react-dom-client.development.js:25630
[   63644ms] [INFO] %cDownload the React DevTools for a better development experience: https://react.dev/link/react-devtools font-weight:bold @ webpack-internal:///(app-pages-browser)/../../node_modules/next/dist/compiled/react-dom/cjs/react-dom-client.development.js:25630
[   64438ms] [INFO] %cDownload the React DevTools for a better development experience: https://react.dev/link/react-devtools font-weight:bold @ webpack-internal:///(app-pages-browser)/../../node_modules/next/dist/compiled/react-dom/cjs/react-dom-client.development.js:25630
[   65275ms] [INFO] %cDownload the React DevTools for a better development experience: https://react.dev/link/react-devtools font-weight:bold @ webpack-internal:///(app-pages-browser)/../../node_modules/next/dist/compiled/react-dom/cjs/react-dom-client.development.js:25630
[   66086ms] [INFO] %cDownload the React DevTools for a better development experience: https://react.dev/link/react-devtools font-weight:bold @ webpack-internal:///(app-pages-browser)/../../node_modules/next/dist/compiled/react-dom/cjs/react-dom-client.development.js:25630
[   66881ms] [INFO] %cDownload the React DevTools for a better development experience: https://react.dev/link/react-devtools font-weight:bold @ webpack-internal:///(app-pages-browser)/../../node_modules/next/dist/compiled/react-dom/cjs/react-dom-client.development.js:25630
[   67689ms] [INFO] %cDownload the React DevTools for a better development experience: https://react.dev/link/react-devtools font-weight:bold @ webpack-internal:///(app-pages-browser)/../../node_modules/next/dist/compiled/react-dom/cjs/react-dom-client.development.js:25630
[   68490ms] [INFO] %cDownload the React DevTools for a better development experience: https://react.dev/link/react-devtools font-weight:bold @ webpack-internal:///(app-pages-browser)/../../node_modules/next/dist/compiled/react-dom/cjs/react-dom-client.development.js:25630
[   69332ms] [INFO] %cDownload the React DevTools for a better development experience: https://react.dev/link/react-devtools font-weight:bold @ webpack-internal:///(app-pages-browser)/../../node_modules/next/dist/compiled/react-dom/cjs/react-dom-client.development.js:25630
[   70125ms] [INFO] %cDownload the React DevTools for a better development experience: https://react.dev/link/react-devtools font-weight:bold @ webpack-internal:///(app-pages-browser)/../../node_modules/next/dist/compiled/react-dom/cjs/react-dom-client.development.js:25630
[   70909ms] [INFO] %cDownload the React DevTools for a better development experience: https://react.dev/link/react-devtools font-weight:bold @ webpack-internal:///(app-pages-browser)/../../node_modules/next/dist/compiled/react-dom/cjs/react-dom-client.development.js:25630
[   71707ms] [INFO] %cDownload the React DevTools for a better development experience: https://react.dev/link/react-devtools font-weight:bold @ webpack-internal:///(app-pages-browser)/../../node_modules/next/dist/compiled/react-dom/cjs/react-dom-client.development.js:25630
[   72550ms] [INFO] %cDownload the React DevTools for a better development experience: https://react.dev/link/react-devtools font-weight:bold @ webpack-internal:///(app-pages-browser)/../../node_modules/next/dist/compiled/react-dom/cjs/react-dom-client.development.js:25630
[   73451ms] [INFO] %cDownload the React DevTools for a better development experience: https://react.dev/link/react-devtools font-weight:bold @ webpack-internal:///(app-pages-browser)/../../node_modules/next/dist/compiled/react-dom/cjs/react-dom-client.development.js:25630
[   74297ms] [INFO] %cDownload the React DevTools for a better development experience: https://react.dev/link/react-devtools font-weight:bold @ webpack-internal:///(app-pages-browser)/../../node_modules/next/dist/compiled/react-dom/cjs/react-dom-client.development.js:25630
[   75105ms] [INFO] %cDownload the React DevTools for a better development experience: https://react.dev/link/react-devtools font-weight:bold @ webpack-internal:///(app-pages-browser)/../../node_modules/next/dist/compiled/react-dom/cjs/react-dom-client.development.js:25630
[   75942ms] [INFO] %cDownload the React DevTools for a better development experience: https://react.dev/link/react-devtools font-weight:bold @ webpack-internal:///(app-pages-browser)/../../node_modules/next/dist/compiled/react-dom/cjs/react-dom-client.development.js:25630
[   76766ms] [INFO] %cDownload the React DevTools for a better development experience: https://react.dev/link/react-devtools font-weight:bold @ webpack-internal:///(app-pages-browser)/../../node_modules/next/dist/compiled/react-dom/cjs/react-dom-client.development.js:25630
[   77562ms] [INFO] %cDownload the React DevTools for a better development experience: https://react.dev/link/react-devtools font-weight:bold @ webpack-internal:///(app-pages-browser)/../../node_modules/next/dist/compiled/react-dom/cjs/react-dom-client.development.js:25630
[   78417ms] [INFO] %cDownload the React DevTools for a better development experience: https://react.dev/link/react-devtools font-weight:bold @ webpack-internal:///(app-pages-browser)/../../node_modules/next/dist/compiled/react-dom/cjs/react-dom-client.development.js:25630
[   79200ms] [INFO] %cDownload the React DevTools for a better development experience: https://react.dev/link/react-devtools font-weight:bold @ webpack-internal:///(app-pages-browser)/../../node_modules/next/dist/compiled/react-dom/cjs/react-dom-client.development.js:25630
[   80007ms] [INFO] %cDownload the React DevTools for a better development experience: https://react.dev/link/react-devtools font-weight:bold @ webpack-internal:///(app-pages-browser)/../../node_modules/next/dist/compiled/react-dom/cjs/react-dom-client.development.js:25630
[   80811ms] [INFO] %cDownload the React DevTools for a better development experience: https://react.dev/link/react-devtools font-weight:bold @ webpack-internal:///(app-pages-browser)/../../node_modules/next/dist/compiled/react-dom/cjs/react-dom-client.development.js:25630
[   81591ms] [INFO] %cDownload the React DevTools for a better development experience: https://react.dev/link/react-devtools font-weight:bold @ webpack-internal:///(app-pages-browser)/../../node_modules/next/dist/compiled/react-dom/cjs/react-dom-client.development.js:25630
[   82383ms] [INFO] %cDownload the React DevTools for a better development experience: https://react.dev/link/react-devtools font-weight:bold @ webpack-internal:///(app-pages-browser)/../../node_modules/next/dist/compiled/react-dom/cjs/react-dom-client.development.js:25630
[   83176ms] [INFO] %cDownload the React DevTools for a better development experience: https://react.dev/link/react-devtools font-weight:bold @ webpack-internal:///(app-pages-browser)/../../node_modules/next/dist/compiled/react-dom/cjs/react-dom-client.development.js:25630
[   83984ms] [INFO] %cDownload the React DevTools for a better development experience: https://react.dev/link/react-devtools font-weight:bold @ webpack-internal:///(app-pages-browser)/../../node_modules/next/dist/compiled/react-dom/cjs/react-dom-client.development.js:25630
[   84865ms] [INFO] %cDownload the React DevTools for a better development experience: https://react.dev/link/react-devtools font-weight:bold @ webpack-internal:///(app-pages-browser)/../../node_modules/next/dist/compiled/react-dom/cjs/react-dom-client.development.js:25630
[   85683ms] [INFO] %cDownload the React DevTools for a better development experience: https://react.dev/link/react-devtools font-weight:bold @ webpack-internal:///(app-pages-browser)/../../node_modules/next/dist/compiled/react-dom/cjs/react-dom-client.development.js:25630
[   86483ms] [INFO] %cDownload the React DevTools for a better development experience: https://react.dev/link/react-devtools font-weight:bold @ webpack-internal:///(app-pages-browser)/../../node_modules/next/dist/compiled/react-dom/cjs/react-dom-client.development.js:25630
[   87360ms] [INFO] %cDownload the React DevTools for a better development experience: https://react.dev/link/react-devtools font-weight:bold @ webpack-internal:///(app-pages-browser)/../../node_modules/next/dist/compiled/react-dom/cjs/react-dom-client.development.js:25630
[   88174ms] [INFO] %cDownload the React DevTools for a better development experience: https://react.dev/link/react-devtools font-weight:bold @ webpack-internal:///(app-pages-browser)/../../node_modules/next/dist/compiled/react-dom/cjs/react-dom-client.development.js:25630
[   88979ms] [INFO] %cDownload the React DevTools for a better development experience: https://react.dev/link/react-devtools font-weight:bold @ webpack-internal:///(app-pages-browser)/../../node_modules/next/dist/compiled/react-dom/cjs/react-dom-client.development.js:25630
[   89804ms] [INFO] %cDownload the React DevTools for a better development experience: https://react.dev/link/react-devtools font-weight:bold @ webpack-internal:///(app-pages-browser)/../../node_modules/next/dist/compiled/react-dom/cjs/react-dom-client.development.js:25630
[   90645ms] [INFO] %cDownload the React DevTools for a better development experience: https://react.dev/link/react-devtools font-weight:bold @ webpack-internal:///(app-pages-browser)/../../node_modules/next/dist/compiled/react-dom/cjs/react-dom-client.development.js:25630
[   91498ms] [INFO] %cDownload the React DevTools for a better development experience: https://react.dev/link/react-devtools font-weight:bold @ webpack-internal:///(app-pages-browser)/../../node_modules/next/dist/compiled/react-dom/cjs/react-dom-client.development.js:25630
[   92340ms] [INFO] %cDownload the React DevTools for a better development experience: https://react.dev/link/react-devtools font-weight:bold @ webpack-internal:///(app-pages-browser)/../../node_modules/next/dist/compiled/react-dom/cjs/react-dom-client.development.js:25630
[   93258ms] [INFO] %cDownload the React DevTools for a better development experience: https://react.dev/link/react-devtools font-weight:bold @ webpack-internal:///(app-pages-browser)/../../node_modules/next/dist/compiled/react-dom/cjs/react-dom-client.development.js:25630
[   94132ms] [INFO] %cDownload the React DevTools for a better development experience: https://react.dev/link/react-devtools font-weight:bold @ webpack-internal:///(app-pages-browser)/../../node_modules/next/dist/compiled/react-dom/cjs/react-dom-client.development.js:25630
[   95016ms] [INFO] %cDownload the React DevTools for a better development experience: https://react.dev/link/react-devtools font-weight:bold @ webpack-internal:///(app-pages-browser)/../../node_modules/next/dist/compiled/react-dom/cjs/react-dom-client.development.js:25630
[   95865ms] [INFO] %cDownload the React DevTools for a better development experience: https://react.dev/link/react-devtools font-weight:bold @ webpack-internal:///(app-pages-browser)/../../node_modules/next/dist/compiled/react-dom/cjs/react-dom-client.development.js:25630
[   96838ms] [INFO] %cDownload the React DevTools for a better development experience: https://react.dev/link/react-devtools font-weight:bold @ webpack-internal:///(app-pages-browser)/../../node_modules/next/dist/compiled/react-dom/cjs/react-dom-client.development.js:25630
[   97680ms] [INFO] %cDownload the React DevTools for a better development experience: https://react.dev/link/react-devtools font-weight:bold @ webpack-internal:///(app-pages-browser)/../../node_modules/next/dist/compiled/react-dom/cjs/react-dom-client.development.js:25630
[   98532ms] [INFO] %cDownload the React DevTools for a better development experience: https://react.dev/link/react-devtools font-weight:bold @ webpack-internal:///(app-pages-browser)/../../node_modules/next/dist/compiled/react-dom/cjs/react-dom-client.development.js:25630
[   99368ms] [INFO] %cDownload the React DevTools for a better development experience: https://react.dev/link/react-devtools font-weight:bold @ webpack-internal:///(app-pages-browser)/../../node_modules/next/dist/compiled/react-dom/cjs/react-dom-client.development.js:25630
[  100173ms] [INFO] %cDownload the React DevTools for a better development experience: https://react.dev/link/react-devtools font-weight:bold @ webpack-internal:///(app-pages-browser)/../../node_modules/next/dist/compiled/react-dom/cjs/react-dom-client.development.js:25630
[  100999ms] [INFO] %cDownload the React DevTools for a better development experience: https://react.dev/link/react-devtools font-weight:bold @ webpack-internal:///(app-pages-browser)/../../node_modules/next/dist/compiled/react-dom/cjs/react-dom-client.development.js:25630
[  101822ms] [INFO] %cDownload the React DevTools for a better development experience: https://react.dev/link/react-devtools font-weight:bold @ webpack-internal:///(app-pages-browser)/../../node_modules/next/dist/compiled/react-dom/cjs/react-dom-client.development.js:25630
[  102627ms] [INFO] %cDownload the React DevTools for a better development experience: https://react.dev/link/react-devtools font-weight:bold @ webpack-internal:///(app-pages-browser)/../../node_modules/next/dist/compiled/react-dom/cjs/react-dom-client.development.js:25630
[  103459ms] [INFO] %cDownload the React DevTools for a better development experience: https://react.dev/link/react-devtools font-weight:bold @ webpack-internal:///(app-pages-browser)/../../node_modules/next/dist/compiled/react-dom/cjs/react-dom-client.development.js:25630
[  104370ms] [INFO] %cDownload the React DevTools for a better development experience: https://react.dev/link/react-devtools font-weight:bold @ webpack-internal:///(app-pages-browser)/../../node_modules/next/dist/compiled/react-dom/cjs/react-dom-client.development.js:25630
[  105270ms] [INFO] %cDownload the React DevTools for a better development experience: https://react.dev/link/react-devtools font-weight:bold @ webpack-internal:///(app-pages-browser)/../../node_modules/next/dist/compiled/react-dom/cjs/react-dom-client.development.js:25630
[  106166ms] [INFO] %cDownload the React DevTools for a better development experience: https://react.dev/link/react-devtools font-weight:bold @ webpack-internal:///(app-pages-browser)/../../node_modules/next/dist/compiled/react-dom/cjs/react-dom-client.development.js:25630
[  106981ms] [INFO] %cDownload the React DevTools for a better development experience: https://react.dev/link/react-devtools font-weight:bold @ webpack-internal:///(app-pages-browser)/../../node_modules/next/dist/compiled/react-dom/cjs/react-dom-client.development.js:25630
[  107884ms] [INFO] %cDownload the React DevTools for a better development experience: https://react.dev/link/react-devtools font-weight:bold @ webpack-internal:///(app-pages-browser)/../../node_modules/next/dist/compiled/react-dom/cjs/react-dom-client.development.js:25630
[  108750ms] [INFO] %cDownload the React DevTools for a better development experience: https://react.dev/link/react-devtools font-weight:bold @ webpack-internal:///(app-pages-browser)/../../node_modules/next/dist/compiled/react-dom/cjs/react-dom-client.development.js:25630
[  109562ms] [INFO] %cDownload the React DevTools for a better development experience: https://react.dev/link/react-devtools font-weight:bold @ webpack-internal:///(app-pages-browser)/../../node_modules/next/dist/compiled/react-dom/cjs/react-dom-client.development.js:25630
[  110371ms] [INFO] %cDownload the React DevTools for a better development experience: https://react.dev/link/react-devtools font-weight:bold @ webpack-internal:///(app-pages-browser)/../../node_modules/next/dist/compiled/react-dom/cjs/react-dom-client.development.js:25630
[  111218ms] [INFO] %cDownload the React DevTools for a better development experience: https://react.dev/link/react-devtools font-weight:bold @ webpack-internal:///(app-pages-browser)/../../node_modules/next/dist/compiled/react-dom/cjs/react-dom-client.development.js:25630
[  112012ms] [INFO] %cDownload the React DevTools for a better development experience: https://react.dev/link/react-devtools font-weight:bold @ webpack-internal:///(app-pages-browser)/../../node_modules/next/dist/compiled/react-dom/cjs/react-dom-client.development.js:25630
[  112890ms] [INFO] %cDownload the React DevTools for a better development experience: https://react.dev/link/react-devtools font-weight:bold @ webpack-internal:///(app-pages-browser)/../../node_modules/next/dist/compiled/react-dom/cjs/react-dom-client.development.js:25630
[  113783ms] [INFO] %cDownload the React DevTools for a better development experience: https://react.dev/link/react-devtools font-weight:bold @ webpack-internal:///(app-pages-browser)/../../node_modules/next/dist/compiled/react-dom/cjs/react-dom-client.development.js:25630
[  114654ms] [INFO] %cDownload the React DevTools for a better development experience: https://react.dev/link/react-devtools font-weight:bold @ webpack-internal:///(app-pages-browser)/../../node_modules/next/dist/compiled/react-dom/cjs/react-dom-client.development.js:25630
[  115807ms] [INFO] %cDownload the React DevTools for a better development experience: https://react.dev/link/react-devtools font-weight:bold @ webpack-internal:///(app-pages-browser)/../../node_modules/next/dist/compiled/react-dom/cjs/react-dom-client.development.js:25630
[  116637ms] [INFO] %cDownload the React DevTools for a better development experience: https://react.dev/link/react-devtools font-weight:bold @ webpack-internal:///(app-pages-browser)/../../node_modules/next/dist/compiled/react-dom/cjs/react-dom-client.development.js:25630
[  117473ms] [INFO] %cDownload the React DevTools for a better development experience: https://react.dev/link/react-devtools font-weight:bold @ webpack-internal:///(app-pages-browser)/../../node_modules/next/dist/compiled/react-dom/cjs/react-dom-client.development.js:25630
[  118294ms] [INFO] %cDownload the React DevTools for a better development experience: https://react.dev/link/react-devtools font-weight:bold @ webpack-internal:///(app-pages-browser)/../../node_modules/next/dist/compiled/react-dom/cjs/react-dom-client.development.js:25630
[  119122ms] [INFO] %cDownload the React DevTools for a better development experience: https://react.dev/link/react-devtools font-weight:bold @ webpack-internal:///(app-pages-browser)/../../node_modules/next/dist/compiled/react-dom/cjs/react-dom-client.development.js:25630
[  119942ms] [INFO] %cDownload the React DevTools for a better development experience: https://react.dev/link/react-devtools font-weight:bold @ webpack-internal:///(app-pages-browser)/../../node_modules/next/dist/compiled/react-dom/cjs/react-dom-client.development.js:25630
[  127575ms] [LOG] [Fast Refresh] rebuilding @ webpack-internal:///(app-pages-browser)/../../node_modules/next/dist/client/dev/hot-reloader/app/hot-reloader-app.js:196
[  128024ms] [LOG] [Fast Refresh] done in 453ms @ webpack-internal:///(app-pages-browser)/../../node_modules/next/dist/client/dev/report-hmr-latency.js:13
[  129207ms] [ERROR] Failed to load resource: the server responded with a status of 404 (Not Found) @ http://localhost:6010/_next/static/css/app/layout.css?v=1789997286872:0
[  129252ms] [ERROR] Failed to load resource: the server responded with a status of 404 (Not Found) @ http://localhost:6010/_next/static/chunks/main-app.js?v=1789997286872:0
[  129252ms] [ERROR] Failed to load resource: the server responded with a status of 404 (Not Found) @ http://localhost:6010/_next/static/chunks/app-pages-internals.js:0
[  129252ms] [ERROR] Failed to load resource: the server responded with a status of 404 (Not Found) @ http://localhost:6010/_next/static/chunks/app/layout.js:0
[  129252ms] [ERROR] Failed to load resource: the server responded with a status of 404 (Not Found) @ http://localhost:6010/_next/static/chunks/app/page.js:0
[  129287ms] [ERROR] Failed to load resource: the server responded with a status of 404 (Not Found) @ http://localhost:6010/favicon.ico:0
[  129763ms] [ERROR] Failed to load resource: the server responded with a status of 404 (Not Found) @ http://localhost:6010/_next/static/css/app/layout.css?v=1789997288417:0
[  129771ms] [ERROR] Failed to load resource: the server responded with a status of 404 (Not Found) @ http://localhost:6010/_next/static/chunks/main-app.js?v=1789997288417:0
[  129771ms] [ERROR] Failed to load resource: the server responded with a status of 404 (Not Found) @ http://localhost:6010/_next/static/chunks/app-pages-internals.js:0
[  129771ms] [ERROR] Failed to load resource: the server responded with a status of 404 (Not Found) @ http://localhost:6010/_next/static/chunks/app/layout.js:0
[  130618ms] [ERROR] Failed to load resource: the server responded with a status of 404 (Not Found) @ http://localhost:6010/_next/static/css/app/layout.css?v=1789997289229:0
[  130627ms] [ERROR] Failed to load resource: the server responded with a status of 404 (Not Found) @ http://localhost:6010/_next/static/chunks/main-app.js?v=1789997289229:0
[  130627ms] [ERROR] Failed to load resource: the server responded with a status of 404 (Not Found) @ http://localhost:6010/_next/static/chunks/app-pages-internals.js:0
[  130627ms] [ERROR] Failed to load resource: the server responded with a status of 404 (Not Found) @ http://localhost:6010/_next/static/chunks/app/layout.js:0
[  131015ms] [ERROR] Failed to load resource: the server responded with a status of 404 (Not Found) @ http://localhost:6010/_next/static/css/app/layout.css?v=1789997289691:0
[  131020ms] [ERROR] Failed to load resource: the server responded with a status of 404 (Not Found) @ http://localhost:6010/_next/static/chunks/main-app.js?v=1789997289691:0
[  131020ms] [ERROR] Failed to load resource: the server responded with a status of 404 (Not Found) @ http://localhost:6010/_next/static/chunks/app-pages-internals.js:0
[  131023ms] [ERROR] Failed to load resource: the server responded with a status of 404 (Not Found) @ http://localhost:6010/_next/static/chunks/app/layout.js:0
[  131344ms] [ERROR] Failed to load resource: the server responded with a status of 404 (Not Found) @ http://localhost:6010/_next/static/css/app/layout.css?v=1789997290048:0
[  131348ms] [ERROR] Failed to load resource: the server responded with a status of 404 (Not Found) @ http://localhost:6010/_next/static/chunks/main-app.js?v=1789997290048:0
[  131348ms] [ERROR] Failed to load resource: the server responded with a status of 404 (Not Found) @ http://localhost:6010/_next/static/chunks/app-pages-internals.js:0
[  131349ms] [ERROR] Failed to load resource: the server responded with a status of 404 (Not Found) @ http://localhost:6010/_next/static/chunks/app/layout.js:0
[  131864ms] [ERROR] Failed to load resource: the server responded with a status of 404 (Not Found) @ http://localhost:6010/_next/static/css/app/layout.css?v=1789997290569:0
[  131870ms] [ERROR] Failed to load resource: the server responded with a status of 404 (Not Found) @ http://localhost:6010/_next/static/chunks/main-app.js?v=1789997290569:0
[  131871ms] [ERROR] Failed to load resource: the server responded with a status of 404 (Not Found) @ http://localhost:6010/_next/static/chunks/app-pages-internals.js:0
[  131872ms] [ERROR] Failed to load resource: the server responded with a status of 404 (Not Found) @ http://localhost:6010/_next/static/chunks/app/layout.js:0
[  132199ms] [ERROR] Failed to load resource: the server responded with a status of 404 (Not Found) @ http://localhost:6010/_next/static/css/app/layout.css?v=1789997290906:0
[  132203ms] [ERROR] Failed to load resource: the server responded with a status of 404 (Not Found) @ http://localhost:6010/_next/static/chunks/main-app.js?v=1789997290906:0
[  132204ms] [ERROR] Failed to load resource: the server responded with a status of 404 (Not Found) @ http://localhost:6010/_next/static/chunks/app-pages-internals.js:0
[  132212ms] [ERROR] Failed to load resource: the server responded with a status of 404 (Not Found) @ http://localhost:6010/_next/static/chunks/app/layout.js:0
[  132572ms] [ERROR] Failed to load resource: the server responded with a status of 404 (Not Found) @ http://localhost:6010/_next/static/css/app/layout.css?v=1789997291277:0
[  132582ms] [ERROR] Failed to load resource: the server responded with a status of 404 (Not Found) @ http://localhost:6010/_next/static/chunks/main-app.js?v=1789997291277:0
[  132583ms] [ERROR] Failed to load resource: the server responded with a status of 404 (Not Found) @ http://localhost:6010/_next/static/chunks/app-pages-internals.js:0
[  132590ms] [ERROR] Failed to load resource: the server responded with a status of 404 (Not Found) @ http://localhost:6010/_next/static/chunks/app/layout.js:0
[  133137ms] [ERROR] Failed to load resource: the server responded with a status of 404 (Not Found) @ http://localhost:6010/_next/static/css/app/layout.css?v=1789997291839:0
[  133145ms] [ERROR] Failed to load resource: the server responded with a status of 404 (Not Found) @ http://localhost:6010/_next/static/chunks/main-app.js?v=1789997291839:0
[  133146ms] [ERROR] Failed to load resource: the server responded with a status of 404 (Not Found) @ http://localhost:6010/_next/static/chunks/app-pages-internals.js:0
[  133147ms] [ERROR] Failed to load resource: the server responded with a status of 404 (Not Found) @ http://localhost:6010/_next/static/chunks/app/layout.js:0
[  133645ms] [ERROR] Failed to load resource: the server responded with a status of 404 (Not Found) @ http://localhost:6010/_next/static/css/app/layout.css?v=1789997292367:0
[  133649ms] [ERROR] Failed to load resource: the server responded with a status of 404 (Not Found) @ http://localhost:6010/_next/static/chunks/main-app.js?v=1789997292367:0
[  133651ms] [ERROR] Failed to load resource: the server responded with a status of 404 (Not Found) @ http://localhost:6010/_next/static/chunks/app-pages-internals.js:0
[  133652ms] [ERROR] Failed to load resource: the server responded with a status of 404 (Not Found) @ http://localhost:6010/_next/static/chunks/app/layout.js:0
[  133986ms] [ERROR] Failed to load resource: the server responded with a status of 404 (Not Found) @ http://localhost:6010/_next/static/css/app/layout.css?v=1789997292702:0
[  133991ms] [ERROR] Failed to load resource: the server responded with a status of 404 (Not Found) @ http://localhost:6010/_next/static/chunks/main-app.js?v=1789997292702:0
[  133991ms] [ERROR] Failed to load resource: the server responded with a status of 404 (Not Found) @ http://localhost:6010/_next/static/chunks/app-pages-internals.js:0
[  133992ms] [ERROR] Failed to load resource: the server responded with a status of 404 (Not Found) @ http://localhost:6010/_next/static/chunks/app/layout.js:0
[  134420ms] [ERROR] Failed to load resource: the server responded with a status of 404 (Not Found) @ http://localhost:6010/_next/static/css/app/layout.css?v=1789997293134:0
[  134427ms] [ERROR] Failed to load resource: the server responded with a status of 404 (Not Found) @ http://localhost:6010/_next/static/chunks/main-app.js?v=1789997293134:0
[  134427ms] [ERROR] Failed to load resource: the server responded with a status of 404 (Not Found) @ http://localhost:6010/_next/static/chunks/app-pages-internals.js:0
[  134428ms] [ERROR] Failed to load resource: the server responded with a status of 404 (Not Found) @ http://localhost:6010/_next/static/chunks/app/layout.js:0
[  134828ms] [ERROR] Failed to load resource: the server responded with a status of 404 (Not Found) @ http://localhost:6010/_next/static/css/app/layout.css?v=1789997293542:0
[  134835ms] [ERROR] Failed to load resource: the server responded with a status of 404 (Not Found) @ http://localhost:6010/_next/static/chunks/main-app.js?v=1789997293542:0
[  134836ms] [ERROR] Failed to load resource: the server responded with a status of 404 (Not Found) @ http://localhost:6010/_next/static/chunks/app-pages-internals.js:0
[  134838ms] [ERROR] Failed to load resource: the server responded with a status of 404 (Not Found) @ http://localhost:6010/_next/static/chunks/app/layout.js:0
[  134955ms] [ERROR] Failed to load resource: the server responded with a status of 404 (Not Found) @ http://localhost:6010/_next/static/css/app/layout.css?v=1789997293701:0
[  134966ms] [ERROR] Failed to load resource: the server responded with a status of 404 (Not Found) @ http://localhost:6010/_next/static/chunks/main-app.js?v=1789997293701:0
[  134966ms] [ERROR] Failed to load resource: the server responded with a status of 404 (Not Found) @ http://localhost:6010/_next/static/chunks/app-pages-internals.js:0
[  134971ms] [ERROR] Failed to load resource: the server responded with a status of 404 (Not Found) @ http://localhost:6010/_next/static/chunks/app/layout.js:0
[  134989ms] [ERROR] Failed to load resource: the server responded with a status of 404 (Not Found) @ http://localhost:6010/_next/static/chunks/app/page.js:0
[  135071ms] [ERROR] Failed to load resource: the server responded with a status of 404 (Not Found) @ http://localhost:6010/_next/static/css/app/layout.css?v=1789997293855:0
[  135075ms] [ERROR] Failed to load resource: the server responded with a status of 404 (Not Found) @ http://localhost:6010/_next/static/chunks/main-app.js?v=1789997293855:0
[  135078ms] [ERROR] Failed to load resource: the server responded with a status of 404 (Not Found) @ http://localhost:6010/_next/static/chunks/app-pages-internals.js:0
[  135078ms] [ERROR] Failed to load resource: the server responded with a status of 404 (Not Found) @ http://localhost:6010/_next/static/chunks/app/layout.js:0
[  135193ms] [ERROR] Failed to load resource: the server responded with a status of 404 (Not Found) @ http://localhost:6010/_next/static/css/app/layout.css?v=1789997293928:0
[  135196ms] [ERROR] Failed to load resource: the server responded with a status of 404 (Not Found) @ http://localhost:6010/_next/static/chunks/main-app.js?v=1789997293928:0
[  135197ms] [ERROR] Failed to load resource: the server responded with a status of 404 (Not Found) @ http://localhost:6010/_next/static/chunks/app-pages-internals.js:0
[  135198ms] [ERROR] Failed to load resource: the server responded with a status of 404 (Not Found) @ http://localhost:6010/_next/static/chunks/app/layout.js:0
[  135284ms] [ERROR] Failed to load resource: the server responded with a status of 404 (Not Found) @ http://localhost:6010/_next/static/css/app/layout.css?v=1789997294054:0
[  135296ms] [ERROR] Failed to load resource: the server responded with a status of 404 (Not Found) @ http://localhost:6010/_next/static/chunks/main-app.js?v=1789997294054:0
[  135297ms] [ERROR] Failed to load resource: the server responded with a status of 404 (Not Found) @ http://localhost:6010/_next/static/chunks/app-pages-internals.js:0
[  135300ms] [ERROR] Failed to load resource: the server responded with a status of 404 (Not Found) @ http://localhost:6010/_next/static/chunks/app/layout.js:0
[  135432ms] [ERROR] Failed to load resource: the server responded with a status of 404 (Not Found) @ http://localhost:6010/_next/static/css/app/layout.css?v=1789997294171:0
[  135436ms] [ERROR] Failed to load resource: the server responded with a status of 404 (Not Found) @ http://localhost:6010/_next/static/chunks/main-app.js?v=1789997294171:0
[  135437ms] [ERROR] Failed to load resource: the server responded with a status of 404 (Not Found) @ http://localhost:6010/_next/static/chunks/app-pages-internals.js:0
[  135444ms] [ERROR] Failed to load resource: the server responded with a status of 404 (Not Found) @ http://localhost:6010/_next/static/chunks/app/layout.js:0
[  135563ms] [ERROR] Failed to load resource: the server responded with a status of 404 (Not Found) @ http://localhost:6010/_next/static/css/app/layout.css?v=1789997294331:0
[  135569ms] [ERROR] Failed to load resource: the server responded with a status of 404 (Not Found) @ http://localhost:6010/_next/static/chunks/main-app.js?v=1789997294331:0
[  135570ms] [ERROR] Failed to load resource: the server responded with a status of 404 (Not Found) @ http://localhost:6010/_next/static/chunks/app-pages-internals.js:0
[  135571ms] [ERROR] Failed to load resource: the server responded with a status of 404 (Not Found) @ http://localhost:6010/_next/static/chunks/app/layout.js:0
[  135658ms] [ERROR] Failed to load resource: the server responded with a status of 404 (Not Found) @ http://localhost:6010/_next/static/css/app/layout.css?v=1789997294421:0
[  135665ms] [ERROR] Failed to load resource: the server responded with a status of 404 (Not Found) @ http://localhost:6010/_next/static/chunks/main-app.js?v=1789997294421:0
[  135666ms] [ERROR] Failed to load resource: the server responded with a status of 404 (Not Found) @ http://localhost:6010/_next/static/chunks/app-pages-internals.js:0
[  135855ms] [ERROR] Failed to load resource: the server responded with a status of 404 (Not Found) @ http://localhost:6010/_next/static/chunks/app/layout.js:0
[  136026ms] [ERROR] Failed to load resource: the server responded with a status of 404 (Not Found) @ http://localhost:6010/_next/static/css/app/layout.css?v=1789997294808:0
[  136030ms] [ERROR] Failed to load resource: the server responded with a status of 404 (Not Found) @ http://localhost:6010/_next/static/chunks/main-app.js?v=1789997294808:0
[  136030ms] [ERROR] Failed to load resource: the server responded with a status of 404 (Not Found) @ http://localhost:6010/_next/static/chunks/app-pages-internals.js:0
[  136031ms] [ERROR] Failed to load resource: the server responded with a status of 404 (Not Found) @ http://localhost:6010/_next/static/chunks/app/layout.js:0
[  136138ms] [ERROR] Failed to load resource: the server responded with a status of 404 (Not Found) @ http://localhost:6010/_next/static/css/app/layout.css?v=1789997294917:0
[  136149ms] [ERROR] Failed to load resource: the server responded with a status of 404 (Not Found) @ http://localhost:6010/_next/static/chunks/main-app.js?v=1789997294917:0
[  136150ms] [ERROR] Failed to load resource: the server responded with a status of 404 (Not Found) @ http://localhost:6010/_next/static/chunks/app-pages-internals.js:0
[  136151ms] [ERROR] Failed to load resource: the server responded with a status of 404 (Not Found) @ http://localhost:6010/_next/static/chunks/app/layout.js:0
[  136255ms] [ERROR] Failed to load resource: the server responded with a status of 404 (Not Found) @ http://localhost:6010/_next/static/css/app/layout.css?v=1789997295042:0
[  136262ms] [ERROR] Failed to load resource: the server responded with a status of 404 (Not Found) @ http://localhost:6010/_next/static/chunks/main-app.js?v=1789997295042:0
[  136262ms] [ERROR] Failed to load resource: the server responded with a status of 404 (Not Found) @ http://localhost:6010/_next/static/chunks/app-pages-internals.js:0
[  136263ms] [ERROR] Failed to load resource: the server responded with a status of 404 (Not Found) @ http://localhost:6010/_next/static/chunks/app/layout.js:0
[  136349ms] [ERROR] Failed to load resource: the server responded with a status of 404 (Not Found) @ http://localhost:6010/_next/static/css/app/layout.css?v=1789997295134:0
[  136356ms] [ERROR] Failed to load resource: the server responded with a status of 404 (Not Found) @ http://localhost:6010/_next/static/chunks/main-app.js?v=1789997295134:0
[  136357ms] [ERROR] Failed to load resource: the server responded with a status of 404 (Not Found) @ http://localhost:6010/_next/static/chunks/app-pages-internals.js:0
[  136358ms] [ERROR] Failed to load resource: the server responded with a status of 404 (Not Found) @ http://localhost:6010/_next/static/chunks/app/layout.js:0
[  136419ms] [ERROR] Failed to load resource: the server responded with a status of 404 (Not Found) @ http://localhost:6010/_next/static/css/app/layout.css?v=1789997295206:0
[  136427ms] [ERROR] Failed to load resource: the server responded with a status of 404 (Not Found) @ http://localhost:6010/_next/static/chunks/main-app.js?v=1789997295206:0
[  136427ms] [ERROR] Failed to load resource: the server responded with a status of 404 (Not Found) @ http://localhost:6010/_next/static/chunks/app-pages-internals.js:0
[  136428ms] [ERROR] Failed to load resource: the server responded with a status of 404 (Not Found) @ http://localhost:6010/_next/static/chunks/app/layout.js:0
[  136493ms] [ERROR] Failed to load resource: the server responded with a status of 404 (Not Found) @ http://localhost:6010/_next/static/css/app/layout.css?v=1789997295268:0
[  136498ms] [ERROR] Failed to load resource: the server responded with a status of 404 (Not Found) @ http://localhost:6010/_next/static/chunks/main-app.js?v=1789997295268:0
[  136498ms] [ERROR] Failed to load resource: the server responded with a status of 404 (Not Found) @ http://localhost:6010/_next/static/chunks/app-pages-internals.js:0
[  136499ms] [ERROR] Failed to load resource: the server responded with a status of 404 (Not Found) @ http://localhost:6010/_next/static/chunks/app/layout.js:0
[  136594ms] [ERROR] Failed to load resource: the server responded with a status of 404 (Not Found) @ http://localhost:6010/_next/static/css/app/layout.css?v=1789997295346:0
[  136602ms] [ERROR] Failed to load resource: the server responded with a status of 404 (Not Found) @ http://localhost:6010/_next/static/chunks/main-app.js?v=1789997295346:0
[  136603ms] [ERROR] Failed to load resource: the server responded with a status of 404 (Not Found) @ http://localhost:6010/_next/static/chunks/app-pages-internals.js:0
[  136619ms] [ERROR] Failed to load resource: the server responded with a status of 404 (Not Found) @ http://localhost:6010/_next/static/chunks/app/layout.js:0
[  136626ms] [ERROR] Failed to load resource: the server responded with a status of 404 (Not Found) @ http://localhost:6010/_next/static/chunks/app/page.js:0
[  136844ms] [ERROR] Failed to load resource: the server responded with a status of 404 (Not Found) @ http://localhost:6010/_next/static/css/app/layout.css?v=1789997295585:0
[  136849ms] [ERROR] Failed to load resource: the server responded with a status of 404 (Not Found) @ http://localhost:6010/_next/static/chunks/main-app.js?v=1789997295585:0
[  136850ms] [ERROR] Failed to load resource: the server responded with a status of 404 (Not Found) @ http://localhost:6010/_next/static/chunks/app-pages-internals.js:0
[  136850ms] [ERROR] Failed to load resource: the server responded with a status of 404 (Not Found) @ http://localhost:6010/_next/static/chunks/app/layout.js:0
[  136985ms] [ERROR] Failed to load resource: the server responded with a status of 404 (Not Found) @ http://localhost:6010/_next/static/css/app/layout.css?v=1789997295705:0
[  136994ms] [ERROR] Failed to load resource: the server responded with a status of 404 (Not Found) @ http://localhost:6010/_next/static/chunks/main-app.js?v=1789997295705:0
[  136994ms] [ERROR] Failed to load resource: the server responded with a status of 404 (Not Found) @ http://localhost:6010/_next/static/chunks/app-pages-internals.js:0
[  136994ms] [ERROR] Failed to load resource: the server responded with a status of 404 (Not Found) @ http://localhost:6010/_next/static/chunks/app/layout.js:0
[  137107ms] [ERROR] Failed to load resource: the server responded with a status of 404 (Not Found) @ http://localhost:6010/_next/static/css/app/layout.css?v=1789997295858:0
[  137113ms] [ERROR] Failed to load resource: the server responded with a status of 404 (Not Found) @ http://localhost:6010/_next/static/chunks/main-app.js?v=1789997295858:0
[  137113ms] [ERROR] Failed to load resource: the server responded with a status of 404 (Not Found) @ http://localhost:6010/_next/static/chunks/app-pages-internals.js:0
[  137114ms] [ERROR] Failed to load resource: the server responded with a status of 404 (Not Found) @ http://localhost:6010/_next/static/chunks/app/layout.js:0
[  137214ms] [ERROR] Failed to load resource: the server responded with a status of 404 (Not Found) @ http://localhost:6010/_next/static/css/app/layout.css?v=1789997295980:0
[  137220ms] [ERROR] Failed to load resource: the server responded with a status of 404 (Not Found) @ http://localhost:6010/_next/static/chunks/main-app.js?v=1789997295980:0
[  137222ms] [ERROR] Failed to load resource: the server responded with a status of 404 (Not Found) @ http://localhost:6010/_next/static/chunks/app-pages-internals.js:0
[  137227ms] [ERROR] Failed to load resource: the server responded with a status of 404 (Not Found) @ http://localhost:6010/_next/static/chunks/app/layout.js:0
[  137435ms] [ERROR] Failed to load resource: the server responded with a status of 404 (Not Found) @ http://localhost:6010/_next/static/css/app/layout.css?v=1789997296198:0
[  137443ms] [ERROR] Failed to load resource: the server responded with a status of 404 (Not Found) @ http://localhost:6010/_next/static/chunks/main-app.js?v=1789997296198:0
[  137443ms] [ERROR] Failed to load resource: the server responded with a status of 404 (Not Found) @ http://localhost:6010/_next/static/chunks/app-pages-internals.js:0
[  137445ms] [ERROR] Failed to load resource: the server responded with a status of 404 (Not Found) @ http://localhost:6010/_next/static/chunks/app/layout.js:0
[  137554ms] [ERROR] Failed to load resource: the server responded with a status of 404 (Not Found) @ http://localhost:6010/_next/static/css/app/layout.css?v=1789997296306:0
[  137569ms] [ERROR] Failed to load resource: the server responded with a status of 404 (Not Found) @ http://localhost:6010/_next/static/chunks/main-app.js?v=1789997296306:0
[  137571ms] [ERROR] Failed to load resource: the server responded with a status of 404 (Not Found) @ http://localhost:6010/_next/static/chunks/app-pages-internals.js:0
[  137590ms] [ERROR] Failed to load resource: the server responded with a status of 404 (Not Found) @ http://localhost:6010/_next/static/chunks/app/layout.js:0
[  137780ms] [ERROR] Failed to load resource: the server responded with a status of 404 (Not Found) @ http://localhost:6010/_next/static/css/app/layout.css?v=1789997296469:0
[  137794ms] [ERROR] Failed to load resource: the server responded with a status of 404 (Not Found) @ http://localhost:6010/_next/static/chunks/main-app.js?v=1789997296469:0
[  137795ms] [ERROR] Failed to load resource: the server responded with a status of 404 (Not Found) @ http://localhost:6010/_next/static/chunks/app-pages-internals.js:0
[  137809ms] [ERROR] Failed to load resource: the server responded with a status of 404 (Not Found) @ http://localhost:6010/_next/static/chunks/app/layout.js:0
[  138047ms] [ERROR] Failed to load resource: the server responded with a status of 404 (Not Found) @ http://localhost:6010/_next/static/css/app/layout.css?v=1789997296741:0
[  138088ms] [ERROR] Failed to load resource: the server responded with a status of 404 (Not Found) @ http://localhost:6010/_next/static/chunks/main-app.js?v=1789997296741:0
[  138090ms] [ERROR] Failed to load resource: the server responded with a status of 404 (Not Found) @ http://localhost:6010/_next/static/chunks/app-pages-internals.js:0
[  138092ms] [ERROR] Failed to load resource: the server responded with a status of 404 (Not Found) @ http://localhost:6010/_next/static/chunks/app/layout.js:0
[  138385ms] [ERROR] Failed to load resource: the server responded with a status of 404 (Not Found) @ http://localhost:6010/_next/static/css/app/layout.css?v=1789997297152:0
[  138391ms] [ERROR] Failed to load resource: the server responded with a status of 404 (Not Found) @ http://localhost:6010/_next/static/chunks/main-app.js?v=1789997297152:0
[  138393ms] [ERROR] Failed to load resource: the server responded with a status of 404 (Not Found) @ http://localhost:6010/_next/static/chunks/app-pages-internals.js:0
[  138396ms] [ERROR] Failed to load resource: the server responded with a status of 404 (Not Found) @ http://localhost:6010/_next/static/chunks/app/layout.js:0
[  138577ms] [ERROR] Failed to load resource: the server responded with a status of 404 (Not Found) @ http://localhost:6010/_next/static/css/app/layout.css?v=1789997297253:0
[  138584ms] [ERROR] Failed to load resource: the server responded with a status of 404 (Not Found) @ http://localhost:6010/_next/static/chunks/main-app.js?v=1789997297253:0
[  138586ms] [ERROR] Failed to load resource: the server responded with a status of 404 (Not Found) @ http://localhost:6010/_next/static/chunks/app-pages-internals.js:0
[  138587ms] [ERROR] Failed to load resource: the server responded with a status of 404 (Not Found) @ http://localhost:6010/_next/static/chunks/app/layout.js:0
[  138674ms] [ERROR] Failed to load resource: the server responded with a status of 404 (Not Found) @ http://localhost:6010/_next/static/css/app/layout.css?v=1789997297444:0
[  138678ms] [ERROR] Failed to load resource: the server responded with a status of 404 (Not Found) @ http://localhost:6010/_next/static/chunks/main-app.js?v=1789997297444:0
[  138679ms] [ERROR] Failed to load resource: the server responded with a status of 404 (Not Found) @ http://localhost:6010/_next/static/chunks/app-pages-internals.js:0
[  138680ms] [ERROR] Failed to load resource: the server responded with a status of 404 (Not Found) @ http://localhost:6010/_next/static/chunks/app/layout.js:0
[  138756ms] [ERROR] Failed to load resource: the server responded with a status of 404 (Not Found) @ http://localhost:6010/_next/static/css/app/layout.css?v=1789997297526:0
[  138765ms] [ERROR] Failed to load resource: the server responded with a status of 404 (Not Found) @ http://localhost:6010/_next/static/chunks/main-app.js?v=1789997297526:0
[  138767ms] [ERROR] Failed to load resource: the server responded with a status of 404 (Not Found) @ http://localhost:6010/_next/static/chunks/app-pages-internals.js:0
[  138769ms] [ERROR] Failed to load resource: the server responded with a status of 404 (Not Found) @ http://localhost:6010/_next/static/chunks/app/layout.js:0
[  138893ms] [ERROR] Failed to load resource: the server responded with a status of 404 (Not Found) @ http://localhost:6010/_next/static/css/app/layout.css?v=1789997297634:0
[  138897ms] [ERROR] Failed to load resource: the server responded with a status of 404 (Not Found) @ http://localhost:6010/_next/static/chunks/main-app.js?v=1789997297634:0
[  138898ms] [ERROR] Failed to load resource: the server responded with a status of 404 (Not Found) @ http://localhost:6010/_next/static/chunks/app-pages-internals.js:0
[  138899ms] [ERROR] Failed to load resource: the server responded with a status of 404 (Not Found) @ http://localhost:6010/_next/static/chunks/app/layout.js:0
[  138903ms] [ERROR] Failed to load resource: the server responded with a status of 404 (Not Found) @ http://localhost:6010/_next/static/chunks/app/page.js:0
[  138980ms] [ERROR] Failed to load resource: the server responded with a status of 404 (Not Found) @ http://localhost:6010/_next/static/css/app/layout.css?v=1789997297759:0
[  138986ms] [ERROR] Failed to load resource: the server responded with a status of 404 (Not Found) @ http://localhost:6010/_next/static/chunks/main-app.js?v=1789997297759:0
[  138986ms] [ERROR] Failed to load resource: the server responded with a status of 404 (Not Found) @ http://localhost:6010/_next/static/chunks/app-pages-internals.js:0
[  138987ms] [ERROR] Failed to load resource: the server responded with a status of 404 (Not Found) @ http://localhost:6010/_next/static/chunks/app/layout.js:0
[  139111ms] [ERROR] Failed to load resource: the server responded with a status of 404 (Not Found) @ http://localhost:6010/_next/static/css/app/layout.css?v=1789997297842:0
[  139116ms] [ERROR] Failed to load resource: the server responded with a status of 404 (Not Found) @ http://localhost:6010/_next/static/chunks/main-app.js?v=1789997297842:0
[  139117ms] [ERROR] Failed to load resource: the server responded with a status of 404 (Not Found) @ http://localhost:6010/_next/static/chunks/app-pages-internals.js:0
[  139119ms] [ERROR] Failed to load resource: the server responded with a status of 404 (Not Found) @ http://localhost:6010/_next/static/chunks/app/layout.js:0
[  139218ms] [ERROR] Failed to load resource: the server responded with a status of 404 (Not Found) @ http://localhost:6010/_next/static/css/app/layout.css?v=1789997297979:0
[  139229ms] [ERROR] Failed to load resource: the server responded with a status of 404 (Not Found) @ http://localhost:6010/_next/static/chunks/main-app.js?v=1789997297979:0
[  139231ms] [ERROR] Failed to load resource: the server responded with a status of 404 (Not Found) @ http://localhost:6010/_next/static/chunks/app-pages-internals.js:0
[  139233ms] [ERROR] Failed to load resource: the server responded with a status of 404 (Not Found) @ http://localhost:6010/_next/static/chunks/app/layout.js:0
[  139337ms] [ERROR] Failed to load resource: the server responded with a status of 404 (Not Found) @ http://localhost:6010/_next/static/css/app/layout.css?v=1789997298108:0
[  139349ms] [ERROR] Failed to load resource: the server responded with a status of 404 (Not Found) @ http://localhost:6010/_next/static/chunks/main-app.js?v=1789997298108:0
[  139350ms] [ERROR] Failed to load resource: the server responded with a status of 404 (Not Found) @ http://localhost:6010/_next/static/chunks/app-pages-internals.js:0
[  139352ms] [ERROR] Failed to load resource: the server responded with a status of 404 (Not Found) @ http://localhost:6010/_next/static/chunks/app/layout.js:0
[  139430ms] [ERROR] Failed to load resource: the server responded with a status of 404 (Not Found) @ http://localhost:6010/_next/static/css/app/layout.css?v=1789997298204:0
[  139434ms] [ERROR] Failed to load resource: the server responded with a status of 404 (Not Found) @ http://localhost:6010/_next/static/chunks/main-app.js?v=1789997298204:0
[  139436ms] [ERROR] Failed to load resource: the server responded with a status of 404 (Not Found) @ http://localhost:6010/_next/static/chunks/app-pages-internals.js:0
[  139436ms] [ERROR] Failed to load resource: the server responded with a status of 404 (Not Found) @ http://localhost:6010/_next/static/chunks/app/layout.js:0
[  139538ms] [ERROR] Failed to load resource: the server responded with a status of 404 (Not Found) @ http://localhost:6010/_next/static/css/app/layout.css?v=1789997298292:0
[  139545ms] [ERROR] Failed to load resource: the server responded with a status of 404 (Not Found) @ http://localhost:6010/_next/static/chunks/main-app.js?v=1789997298292:0
[  139546ms] [ERROR] Failed to load resource: the server responded with a status of 404 (Not Found) @ http://localhost:6010/_next/static/chunks/app-pages-internals.js:0
[  139548ms] [ERROR] Failed to load resource: the server responded with a status of 404 (Not Found) @ http://localhost:6010/_next/static/chunks/app/layout.js:0
[  139634ms] [ERROR] Failed to load resource: the server responded with a status of 404 (Not Found) @ http://localhost:6010/_next/static/css/app/layout.css?v=1789997298412:0
[  139639ms] [ERROR] Failed to load resource: the server responded with a status of 404 (Not Found) @ http://localhost:6010/_next/static/chunks/main-app.js?v=1789997298412:0
[  139639ms] [ERROR] Failed to load resource: the server responded with a status of 404 (Not Found) @ http://localhost:6010/_next/static/chunks/app-pages-internals.js:0
[  139644ms] [ERROR] Failed to load resource: the server responded with a status of 404 (Not Found) @ http://localhost:6010/_next/static/chunks/app/layout.js:0
[  139718ms] [ERROR] Failed to load resource: the server responded with a status of 404 (Not Found) @ http://localhost:6010/_next/static/css/app/layout.css?v=1789997298493:0
[  139725ms] [ERROR] Failed to load resource: the server responded with a status of 404 (Not Found) @ http://localhost:6010/_next/static/chunks/main-app.js?v=1789997298493:0
[  139727ms] [ERROR] Failed to load resource: the server responded with a status of 404 (Not Found) @ http://localhost:6010/_next/static/chunks/app-pages-internals.js:0
[  139729ms] [ERROR] Failed to load resource: the server responded with a status of 404 (Not Found) @ http://localhost:6010/_next/static/chunks/app/layout.js:0
[  139801ms] [ERROR] Failed to load resource: the server responded with a status of 404 (Not Found) @ http://localhost:6010/_next/static/css/app/layout.css?v=1789997298577:0
[  139807ms] [ERROR] Failed to load resource: the server responded with a status of 404 (Not Found) @ http://localhost:6010/_next/static/chunks/main-app.js?v=1789997298577:0
[  139809ms] [ERROR] Failed to load resource: the server responded with a status of 404 (Not Found) @ http://localhost:6010/_next/static/chunks/app-pages-internals.js:0
[  139811ms] [ERROR] Failed to load resource: the server responded with a status of 404 (Not Found) @ http://localhost:6010/_next/static/chunks/app/layout.js:0
[  139872ms] [ERROR] Failed to load resource: the server responded with a status of 404 (Not Found) @ http://localhost:6010/_next/static/css/app/layout.css?v=1789997298654:0
[  139877ms] [ERROR] Failed to load resource: the server responded with a status of 404 (Not Found) @ http://localhost:6010/_next/static/chunks/main-app.js?v=1789997298654:0
[  139879ms] [ERROR] Failed to load resource: the server responded with a status of 404 (Not Found) @ http://localhost:6010/_next/static/chunks/app-pages-internals.js:0
[  139880ms] [ERROR] Failed to load resource: the server responded with a status of 404 (Not Found) @ http://localhost:6010/_next/static/chunks/app/layout.js:0
[  139938ms] [ERROR] Failed to load resource: the server responded with a status of 404 (Not Found) @ http://localhost:6010/_next/static/css/app/layout.css?v=1789997298723:0
[  139942ms] [ERROR] Failed to load resource: the server responded with a status of 404 (Not Found) @ http://localhost:6010/_next/static/chunks/main-app.js?v=1789997298723:0
[  139944ms] [ERROR] Failed to load resource: the server responded with a status of 404 (Not Found) @ http://localhost:6010/_next/static/chunks/app-pages-internals.js:0
[  139945ms] [ERROR] Failed to load resource: the server responded with a status of 404 (Not Found) @ http://localhost:6010/_next/static/chunks/app/layout.js:0
[  140014ms] [ERROR] Failed to load resource: the server responded with a status of 404 (Not Found) @ http://localhost:6010/_next/static/css/app/layout.css?v=1789997298790:0
[  140018ms] [ERROR] Failed to load resource: the server responded with a status of 404 (Not Found) @ http://localhost:6010/_next/static/chunks/main-app.js?v=1789997298790:0
[  140020ms] [ERROR] Failed to load resource: the server responded with a status of 404 (Not Found) @ http://localhost:6010/_next/static/chunks/app-pages-internals.js:0
[  140022ms] [ERROR] Failed to load resource: the server responded with a status of 404 (Not Found) @ http://localhost:6010/_next/static/chunks/app/layout.js:0
[  140103ms] [ERROR] Failed to load resource: the server responded with a status of 404 (Not Found) @ http://localhost:6010/_next/static/css/app/layout.css?v=1789997298866:0
[  140110ms] [ERROR] Failed to load resource: the server responded with a status of 404 (Not Found) @ http://localhost:6010/_next/static/chunks/main-app.js?v=1789997298866:0
[  140110ms] [ERROR] Failed to load resource: the server responded with a status of 404 (Not Found) @ http://localhost:6010/_next/static/chunks/app-pages-internals.js:0
[  140110ms] [ERROR] Failed to load resource: the server responded with a status of 404 (Not Found) @ http://localhost:6010/_next/static/chunks/app/layout.js:0
[  140114ms] [ERROR] Failed to load resource: the server responded with a status of 404 (Not Found) @ http://localhost:6010/_next/static/chunks/app/page.js:0
[  140200ms] [ERROR] Failed to load resource: the server responded with a status of 404 (Not Found) @ http://localhost:6010/_next/static/css/app/layout.css?v=1789997298963:0
[  140213ms] [ERROR] Failed to load resource: the server responded with a status of 404 (Not Found) @ http://localhost:6010/_next/static/chunks/main-app.js?v=1789997298963:0
[  140214ms] [ERROR] Failed to load resource: the server responded with a status of 404 (Not Found) @ http://localhost:6010/_next/static/chunks/app-pages-internals.js:0
[  140216ms] [ERROR] Failed to load resource: the server responded with a status of 404 (Not Found) @ http://localhost:6010/_next/static/chunks/app/layout.js:0
[  140324ms] [ERROR] Failed to load resource: the server responded with a status of 404 (Not Found) @ http://localhost:6010/_next/static/css/app/layout.css?v=1789997299065:0
[  140438ms] [ERROR] Failed to load resource: the server responded with a status of 404 (Not Found) @ http://localhost:6010/_next/static/chunks/main-app.js?v=1789997299065:0
[  140439ms] [ERROR] Failed to load resource: the server responded with a status of 404 (Not Found) @ http://localhost:6010/_next/static/chunks/app-pages-internals.js:0
[  140439ms] [ERROR] Failed to load resource: the server responded with a status of 404 (Not Found) @ http://localhost:6010/_next/static/chunks/app/layout.js:0
[  140512ms] [ERROR] Failed to load resource: the server responded with a status of 404 (Not Found) @ http://localhost:6010/_next/static/css/app/layout.css?v=1789997299275:0
[  140518ms] [ERROR] Failed to load resource: the server responded with a status of 404 (Not Found) @ http://localhost:6010/_next/static/chunks/main-app.js?v=1789997299275:0
[  140519ms] [ERROR] Failed to load resource: the server responded with a status of 404 (Not Found) @ http://localhost:6010/_next/static/chunks/app-pages-internals.js:0
[  140520ms] [ERROR] Failed to load resource: the server responded with a status of 404 (Not Found) @ http://localhost:6010/_next/static/chunks/app/layout.js:0
[  140595ms] [ERROR] Failed to load resource: the server responded with a status of 404 (Not Found) @ http://localhost:6010/_next/static/css/app/layout.css?v=1789997299376:0
[  140602ms] [ERROR] Failed to load resource: the server responded with a status of 404 (Not Found) @ http://localhost:6010/_next/static/chunks/main-app.js?v=1789997299376:0
[  140602ms] [ERROR] Failed to load resource: the server responded with a status of 404 (Not Found) @ http://localhost:6010/_next/static/chunks/app-pages-internals.js:0
[  140604ms] [ERROR] Failed to load resource: the server responded with a status of 404 (Not Found) @ http://localhost:6010/_next/static/chunks/app/layout.js:0
[  140676ms] [ERROR] Failed to load resource: the server responded with a status of 404 (Not Found) @ http://localhost:6010/_next/static/css/app/layout.css?v=1789997299453:0
[  140683ms] [ERROR] Failed to load resource: the server responded with a status of 404 (Not Found) @ http://localhost:6010/_next/static/chunks/main-app.js?v=1789997299453:0
[  140684ms] [ERROR] Failed to load resource: the server responded with a status of 404 (Not Found) @ http://localhost:6010/_next/static/chunks/app-pages-internals.js:0
[  140685ms] [ERROR] Failed to load resource: the server responded with a status of 404 (Not Found) @ http://localhost:6010/_next/static/chunks/app/layout.js:0
[  140807ms] [ERROR] Failed to load resource: the server responded with a status of 404 (Not Found) @ http://localhost:6010/_next/static/css/app/layout.css?v=1789997299555:0
[  140813ms] [ERROR] Failed to load resource: the server responded with a status of 404 (Not Found) @ http://localhost:6010/_next/static/chunks/main-app.js?v=1789997299555:0
[  140815ms] [ERROR] Failed to load resource: the server responded with a status of 404 (Not Found) @ http://localhost:6010/_next/static/chunks/app-pages-internals.js:0
[  140818ms] [ERROR] Failed to load resource: the server responded with a status of 404 (Not Found) @ http://localhost:6010/_next/static/chunks/app/layout.js:0
[  140952ms] [ERROR] Failed to load resource: the server responded with a status of 404 (Not Found) @ http://localhost:6010/_next/static/css/app/layout.css?v=1789997299726:0
[  140957ms] [ERROR] Failed to load resource: the server responded with a status of 404 (Not Found) @ http://localhost:6010/_next/static/chunks/main-app.js?v=1789997299726:0
[  140957ms] [ERROR] Failed to load resource: the server responded with a status of 404 (Not Found) @ http://localhost:6010/_next/static/chunks/app-pages-internals.js:0
[  140964ms] [ERROR] Failed to load resource: the server responded with a status of 404 (Not Found) @ http://localhost:6010/_next/static/chunks/app/layout.js:0
[  141036ms] [ERROR] Failed to load resource: the server responded with a status of 404 (Not Found) @ http://localhost:6010/_next/static/css/app/layout.css?v=1789997299808:0
[  141048ms] [ERROR] Failed to load resource: the server responded with a status of 404 (Not Found) @ http://localhost:6010/_next/static/chunks/main-app.js?v=1789997299808:0
[  141050ms] [ERROR] Failed to load resource: the server responded with a status of 404 (Not Found) @ http://localhost:6010/_next/static/chunks/app-pages-internals.js:0
[  141051ms] [ERROR] Failed to load resource: the server responded with a status of 404 (Not Found) @ http://localhost:6010/_next/static/chunks/app/layout.js:0
[  141119ms] [ERROR] Failed to load resource: the server responded with a status of 404 (Not Found) @ http://localhost:6010/_next/static/css/app/layout.css?v=1789997299900:0
[  141127ms] [ERROR] Failed to load resource: the server responded with a status of 404 (Not Found) @ http://localhost:6010/_next/static/chunks/main-app.js?v=1789997299900:0
[  141130ms] [ERROR] Failed to load resource: the server responded with a status of 404 (Not Found) @ http://localhost:6010/_next/static/chunks/app-pages-internals.js:0
[  141131ms] [ERROR] Failed to load resource: the server responded with a status of 404 (Not Found) @ http://localhost:6010/_next/static/chunks/app/layout.js:0
[  141188ms] [ERROR] Failed to load resource: the server responded with a status of 404 (Not Found) @ http://localhost:6010/_next/static/css/app/layout.css?v=1789997299970:0
[  141199ms] [ERROR] Failed to load resource: the server responded with a status of 404 (Not Found) @ http://localhost:6010/_next/static/chunks/main-app.js?v=1789997299970:0
[  141200ms] [ERROR] Failed to load resource: the server responded with a status of 404 (Not Found) @ http://localhost:6010/_next/static/chunks/app-pages-internals.js:0
[  141218ms] [ERROR] Failed to load resource: the server responded with a status of 404 (Not Found) @ http://localhost:6010/_next/static/chunks/app/layout.js:0
[  141287ms] [ERROR] Failed to load resource: the server responded with a status of 404 (Not Found) @ http://localhost:6010/_next/static/css/app/layout.css?v=1789997300060:0
[  141293ms] [ERROR] Failed to load resource: the server responded with a status of 404 (Not Found) @ http://localhost:6010/_next/static/chunks/main-app.js?v=1789997300060:0
[  141294ms] [ERROR] Failed to load resource: the server responded with a status of 404 (Not Found) @ http://localhost:6010/_next/static/chunks/app-pages-internals.js:0
[  141296ms] [ERROR] Failed to load resource: the server responded with a status of 404 (Not Found) @ http://localhost:6010/_next/static/chunks/app/layout.js:0
[  141361ms] [ERROR] Failed to load resource: the server responded with a status of 404 (Not Found) @ http://localhost:6010/_next/static/css/app/layout.css?v=1789997300136:0
[  141365ms] [ERROR] Failed to load resource: the server responded with a status of 404 (Not Found) @ http://localhost:6010/_next/static/chunks/main-app.js?v=1789997300136:0
[  141367ms] [ERROR] Failed to load resource: the server responded with a status of 404 (Not Found) @ http://localhost:6010/_next/static/chunks/app-pages-internals.js:0
[  141367ms] [ERROR] Failed to load resource: the server responded with a status of 404 (Not Found) @ http://localhost:6010/_next/static/chunks/app/layout.js:0
[  141468ms] [ERROR] Failed to load resource: the server responded with a status of 404 (Not Found) @ http://localhost:6010/_next/static/css/app/layout.css?v=1789997300211:0
[  141472ms] [ERROR] Failed to load resource: the server responded with a status of 404 (Not Found) @ http://localhost:6010/_next/static/chunks/main-app.js?v=1789997300211:0
[  141473ms] [ERROR] Failed to load resource: the server responded with a status of 404 (Not Found) @ http://localhost:6010/_next/static/chunks/app-pages-internals.js:0
[  141478ms] [ERROR] Failed to load resource: the server responded with a status of 404 (Not Found) @ http://localhost:6010/_next/static/chunks/app/layout.js:0
[  141480ms] [ERROR] Failed to load resource: the server responded with a status of 404 (Not Found) @ http://localhost:6010/_next/static/chunks/app/page.js:0
[  141569ms] [ERROR] Failed to load resource: the server responded with a status of 404 (Not Found) @ http://localhost:6010/_next/static/css/app/layout.css?v=1789997300348:0
[  141575ms] [ERROR] Failed to load resource: the server responded with a status of 404 (Not Found) @ http://localhost:6010/_next/static/chunks/main-app.js?v=1789997300348:0
[  141576ms] [ERROR] Failed to load resource: the server responded with a status of 404 (Not Found) @ http://localhost:6010/_next/static/chunks/app-pages-internals.js:0
[  141577ms] [ERROR] Failed to load resource: the server responded with a status of 404 (Not Found) @ http://localhost:6010/_next/static/chunks/app/layout.js:0
[  141669ms] [ERROR] Failed to load resource: the server responded with a status of 404 (Not Found) @ http://localhost:6010/_next/static/css/app/layout.css?v=1789997300418:0
[  141681ms] [ERROR] Failed to load resource: the server responded with a status of 404 (Not Found) @ http://localhost:6010/_next/static/chunks/main-app.js?v=1789997300418:0
[  141683ms] [ERROR] Failed to load resource: the server responded with a status of 404 (Not Found) @ http://localhost:6010/_next/static/chunks/app-pages-internals.js:0
[  141684ms] [ERROR] Failed to load resource: the server responded with a status of 404 (Not Found) @ http://localhost:6010/_next/static/chunks/app/layout.js:0
[  141765ms] [ERROR] Failed to load resource: the server responded with a status of 404 (Not Found) @ http://localhost:6010/_next/static/css/app/layout.css?v=1789997300536:0
[  141771ms] [ERROR] Failed to load resource: the server responded with a status of 404 (Not Found) @ http://localhost:6010/_next/static/chunks/app-pages-internals.js:0
[  141772ms] [ERROR] Failed to load resource: the server responded with a status of 404 (Not Found) @ http://localhost:6010/_next/static/chunks/main-app.js?v=1789997300536:0
[  141778ms] [ERROR] Failed to load resource: the server responded with a status of 404 (Not Found) @ http://localhost:6010/_next/static/chunks/app/layout.js:0
[  141856ms] [ERROR] Failed to load resource: the server responded with a status of 404 (Not Found) @ http://localhost:6010/_next/static/css/app/layout.css?v=1789997300637:0
[  141866ms] [ERROR] Failed to load resource: the server responded with a status of 404 (Not Found) @ http://localhost:6010/_next/static/chunks/main-app.js?v=1789997300637:0
[  141867ms] [ERROR] Failed to load resource: the server responded with a status of 404 (Not Found) @ http://localhost:6010/_next/static/chunks/app-pages-internals.js:0
[  141868ms] [ERROR] Failed to load resource: the server responded with a status of 404 (Not Found) @ http://localhost:6010/_next/static/chunks/app/layout.js:0
[  141946ms] [ERROR] Failed to load resource: the server responded with a status of 404 (Not Found) @ http://localhost:6010/_next/static/css/app/layout.css?v=1789997300721:0
[  141949ms] [ERROR] Failed to load resource: the server responded with a status of 404 (Not Found) @ http://localhost:6010/_next/static/chunks/main-app.js?v=1789997300721:0
[  141950ms] [ERROR] Failed to load resource: the server responded with a status of 404 (Not Found) @ http://localhost:6010/_next/static/chunks/app-pages-internals.js:0
[  141951ms] [ERROR] Failed to load resource: the server responded with a status of 404 (Not Found) @ http://localhost:6010/_next/static/chunks/app/layout.js:0
[  142027ms] [ERROR] Failed to load resource: the server responded with a status of 404 (Not Found) @ http://localhost:6010/_next/static/css/app/layout.css?v=1789997300790:0
[  142032ms] [ERROR] Failed to load resource: the server responded with a status of 404 (Not Found) @ http://localhost:6010/_next/static/chunks/main-app.js?v=1789997300790:0
[  142033ms] [ERROR] Failed to load resource: the server responded with a status of 404 (Not Found) @ http://localhost:6010/_next/static/chunks/app-pages-internals.js:0
[  142033ms] [ERROR] Failed to load resource: the server responded with a status of 404 (Not Found) @ http://localhost:6010/_next/static/chunks/app/layout.js:0
[  142116ms] [ERROR] Failed to load resource: the server responded with a status of 404 (Not Found) @ http://localhost:6010/_next/static/css/app/layout.css?v=1789997300888:0
[  142121ms] [ERROR] Failed to load resource: the server responded with a status of 404 (Not Found) @ http://localhost:6010/_next/static/chunks/main-app.js?v=1789997300888:0
[  142121ms] [ERROR] Failed to load resource: the server responded with a status of 404 (Not Found) @ http://localhost:6010/_next/static/chunks/app-pages-internals.js:0
[  142123ms] [ERROR] Failed to load resource: the server responded with a status of 404 (Not Found) @ http://localhost:6010/_next/static/chunks/app/layout.js:0
[  142192ms] [ERROR] Failed to load resource: the server responded with a status of 404 (Not Found) @ http://localhost:6010/_next/static/css/app/layout.css?v=1789997300971:0
[  142196ms] [ERROR] Failed to load resource: the server responded with a status of 404 (Not Found) @ http://localhost:6010/_next/static/chunks/main-app.js?v=1789997300971:0
[  142196ms] [ERROR] Failed to load resource: the server responded with a status of 404 (Not Found) @ http://localhost:6010/_next/static/chunks/app-pages-internals.js:0
[  142197ms] [ERROR] Failed to load resource: the server responded with a status of 404 (Not Found) @ http://localhost:6010/_next/static/chunks/app/layout.js:0
[  142257ms] [ERROR] Failed to load resource: the server responded with a status of 404 (Not Found) @ http://localhost:6010/_next/static/css/app/layout.css?v=1789997301042:0
[  142263ms] [ERROR] Failed to load resource: the server responded with a status of 404 (Not Found) @ http://localhost:6010/_next/static/chunks/main-app.js?v=1789997301042:0
[  142264ms] [ERROR] Failed to load resource: the server responded with a status of 404 (Not Found) @ http://localhost:6010/_next/static/chunks/app-pages-internals.js:0
[  142265ms] [ERROR] Failed to load resource: the server responded with a status of 404 (Not Found) @ http://localhost:6010/_next/static/chunks/app/layout.js:0
[  142322ms] [ERROR] Failed to load resource: the server responded with a status of 404 (Not Found) @ http://localhost:6010/_next/static/css/app/layout.css?v=1789997301100:0
[  142326ms] [ERROR] Failed to load resource: the server responded with a status of 404 (Not Found) @ http://localhost:6010/_next/static/chunks/main-app.js?v=1789997301100:0
[  142327ms] [ERROR] Failed to load resource: the server responded with a status of 404 (Not Found) @ http://localhost:6010/_next/static/chunks/app-pages-internals.js:0
[  142329ms] [ERROR] Failed to load resource: the server responded with a status of 404 (Not Found) @ http://localhost:6010/_next/static/chunks/app/layout.js:0
[  142382ms] [ERROR] Failed to load resource: the server responded with a status of 404 (Not Found) @ http://localhost:6010/_next/static/css/app/layout.css?v=1789997301167:0
[  142386ms] [ERROR] Failed to load resource: the server responded with a status of 404 (Not Found) @ http://localhost:6010/_next/static/chunks/main-app.js?v=1789997301167:0
[  142386ms] [ERROR] Failed to load resource: the server responded with a status of 404 (Not Found) @ http://localhost:6010/_next/static/chunks/app-pages-internals.js:0
[  142388ms] [ERROR] Failed to load resource: the server responded with a status of 404 (Not Found) @ http://localhost:6010/_next/static/chunks/app/layout.js:0
[  142445ms] [ERROR] Failed to load resource: the server responded with a status of 404 (Not Found) @ http://localhost:6010/_next/static/css/app/layout.css?v=1789997301225:0
[  142448ms] [ERROR] Failed to load resource: the server responded with a status of 404 (Not Found) @ http://localhost:6010/_next/static/chunks/main-app.js?v=1789997301225:0
[  142450ms] [ERROR] Failed to load resource: the server responded with a status of 404 (Not Found) @ http://localhost:6010/_next/static/chunks/app-pages-internals.js:0
[  142450ms] [ERROR] Failed to load resource: the server responded with a status of 404 (Not Found) @ http://localhost:6010/_next/static/chunks/app/layout.js:0
[  145501ms] [WARNING] The resource http://localhost:6010/assets/fonts/Commissioner-Bold-latin.woff2 was preloaded using link preload but not used within a few seconds from the window's load event. Please make sure it has an appropriate `as` value and it is preloaded intentionally. @ http://localhost:6010/activities:0
[  145501ms] [WARNING] The resource http://localhost:6010/assets/fonts/Commissioner-Regular-latin.woff2 was preloaded using link preload but not used within a few seconds from the window's load event. Please make sure it has an appropriate `as` value and it is preloaded intentionally. @ http://localhost:6010/activities:0
[  148983ms] [ERROR] Failed to load resource: the server responded with a status of 404 (Not Found) @ http://localhost:6010/_next/static/css/app/layout.css?v=1789997307728:0
[  148989ms] [ERROR] Failed to load resource: the server responded with a status of 404 (Not Found) @ http://localhost:6010/_next/static/chunks/main-app.js?v=1789997307728:0
[  148989ms] [ERROR] Failed to load resource: the server responded with a status of 404 (Not Found) @ http://localhost:6010/_next/static/chunks/app-pages-internals.js:0
[  148989ms] [ERROR] Failed to load resource: the server responded with a status of 404 (Not Found) @ http://localhost:6010/_next/static/chunks/app/layout.js:0
[  148995ms] [ERROR] Failed to load resource: the server responded with a status of 404 (Not Found) @ http://localhost:6010/_next/static/chunks/app/page.js:0
[  152007ms] [WARNING] The resource http://localhost:6010/assets/fonts/Commissioner-Bold-latin.woff2 was preloaded using link preload but not used within a few seconds from the window's load event. Please make sure it has an appropriate `as` value and it is preloaded intentionally. @ http://localhost:6010/:0
[  152007ms] [WARNING] The resource http://localhost:6010/assets/fonts/Commissioner-Regular-latin.woff2 was preloaded using link preload but not used within a few seconds from the window's load event. Please make sure it has an appropriate `as` value and it is preloaded intentionally. @ http://localhost:6010/:0
[  177200ms] [ERROR] Failed to load resource: the server responded with a status of 404 (Not Found) @ http://localhost:6010/_next/static/chunks/main-app.js?v=1789997335864:0
[  177201ms] [ERROR] Failed to load resource: the server responded with a status of 404 (Not Found) @ http://localhost:6010/_next/static/chunks/app-pages-internals.js:0
[  177231ms] [ERROR] Failed to load resource: the server responded with a status of 404 (Not Found) @ http://localhost:6010/_next/static/chunks/app/page.js:0
[  177324ms] [ERROR] Failed to load resource: the server responded with a status of 404 (Not Found) @ http://localhost:6010/_next/static/chunks/main-app.js?v=1789997336087:0
[  177324ms] [ERROR] Failed to load resource: the server responded with a status of 404 (Not Found) @ http://localhost:6010/_next/static/chunks/app-pages-internals.js:0
[  177466ms] [ERROR] Failed to load resource: the server responded with a status of 404 (Not Found) @ http://localhost:6010/_next/static/chunks/main-app.js?v=1789997336184:0
[  177468ms] [ERROR] Failed to load resource: the server responded with a status of 404 (Not Found) @ http://localhost:6010/_next/static/chunks/app-pages-internals.js:0
[  177650ms] [ERROR] Failed to load resource: the server responded with a status of 404 (Not Found) @ http://localhost:6010/_next/static/chunks/main-app.js?v=1789997336383:0
[  177651ms] [ERROR] Failed to load resource: the server responded with a status of 404 (Not Found) @ http://localhost:6010/_next/static/chunks/app-pages-internals.js:0
[  177746ms] [ERROR] Failed to load resource: the server responded with a status of 404 (Not Found) @ http://localhost:6010/_next/static/chunks/main-app.js?v=1789997336519:0
[  177748ms] [ERROR] Failed to load resource: the server responded with a status of 404 (Not Found) @ http://localhost:6010/_next/static/chunks/app-pages-internals.js:0
[  177828ms] [ERROR] Failed to load resource: the server responded with a status of 404 (Not Found) @ http://localhost:6010/_next/static/chunks/main-app.js?v=1789997336605:0
[  177829ms] [ERROR] Failed to load resource: the server responded with a status of 404 (Not Found) @ http://localhost:6010/_next/static/chunks/app-pages-internals.js:0
[  177916ms] [ERROR] Failed to load resource: the server responded with a status of 404 (Not Found) @ http://localhost:6010/_next/static/chunks/main-app.js?v=1789997336682:0
[  177916ms] [ERROR] Failed to load resource: the server responded with a status of 404 (Not Found) @ http://localhost:6010/_next/static/chunks/app-pages-internals.js:0
[  178015ms] [ERROR] Failed to load resource: the server responded with a status of 404 (Not Found) @ http://localhost:6010/_next/static/chunks/main-app.js?v=1789997336783:0
[  178015ms] [ERROR] Failed to load resource: the server responded with a status of 404 (Not Found) @ http://localhost:6010/_next/static/chunks/app-pages-internals.js:0
[  178102ms] [ERROR] Failed to load resource: the server responded with a status of 404 (Not Found) @ http://localhost:6010/_next/static/chunks/main-app.js?v=1789997336873:0
[  178102ms] [ERROR] Failed to load resource: the server responded with a status of 404 (Not Found) @ http://localhost:6010/_next/static/chunks/app-pages-internals.js:0
[  178169ms] [ERROR] Failed to load resource: the server responded with a status of 404 (Not Found) @ http://localhost:6010/_next/static/chunks/main-app.js?v=1789997336954:0
[  178170ms] [ERROR] Failed to load resource: the server responded with a status of 404 (Not Found) @ http://localhost:6010/_next/static/chunks/app-pages-internals.js:0
[  178233ms] [ERROR] Failed to load resource: the server responded with a status of 404 (Not Found) @ http://localhost:6010/_next/static/chunks/main-app.js?v=1789997337017:0
[  178233ms] [ERROR] Failed to load resource: the server responded with a status of 404 (Not Found) @ http://localhost:6010/_next/static/chunks/app-pages-internals.js:0
[  178303ms] [ERROR] Failed to load resource: the server responded with a status of 404 (Not Found) @ http://localhost:6010/_next/static/chunks/main-app.js?v=1789997337082:0
[  178303ms] [ERROR] Failed to load resource: the server responded with a status of 404 (Not Found) @ http://localhost:6010/_next/static/chunks/app-pages-internals.js:0
[  178381ms] [ERROR] Failed to load resource: the server responded with a status of 404 (Not Found) @ http://localhost:6010/_next/static/chunks/main-app.js?v=1789997337163:0
[  178382ms] [ERROR] Failed to load resource: the server responded with a status of 404 (Not Found) @ http://localhost:6010/_next/static/chunks/app-pages-internals.js:0
[  178509ms] [ERROR] Failed to load resource: the server responded with a status of 404 (Not Found) @ http://localhost:6010/_next/static/chunks/main-app.js?v=1789997337239:0
[  178509ms] [ERROR] Failed to load resource: the server responded with a status of 404 (Not Found) @ http://localhost:6010/_next/static/chunks/app-pages-internals.js:0
[  178511ms] [ERROR] Failed to load resource: the server responded with a status of 404 (Not Found) @ http://localhost:6010/_next/static/chunks/app/page.js:0
[  178569ms] [ERROR] Failed to load resource: the server responded with a status of 404 (Not Found) @ http://localhost:6010/_next/static/chunks/main-app.js?v=1789997337353:0
[  178569ms] [ERROR] Failed to load resource: the server responded with a status of 404 (Not Found) @ http://localhost:6010/_next/static/chunks/app-pages-internals.js:0
[  178661ms] [ERROR] Failed to load resource: the server responded with a status of 404 (Not Found) @ http://localhost:6010/_next/static/chunks/main-app.js?v=1789997337409:0
[  178662ms] [ERROR] Failed to load resource: the server responded with a status of 404 (Not Found) @ http://localhost:6010/_next/static/chunks/app-pages-internals.js:0
[  178744ms] [ERROR] Failed to load resource: the server responded with a status of 404 (Not Found) @ http://localhost:6010/_next/static/chunks/main-app.js?v=1789997337514:0
[  178745ms] [ERROR] Failed to load resource: the server responded with a status of 404 (Not Found) @ http://localhost:6010/_next/static/chunks/app-pages-internals.js:0
[  178819ms] [ERROR] Failed to load resource: the server responded with a status of 404 (Not Found) @ http://localhost:6010/_next/static/chunks/main-app.js?v=1789997337597:0
[  178820ms] [ERROR] Failed to load resource: the server responded with a status of 404 (Not Found) @ http://localhost:6010/_next/static/chunks/app-pages-internals.js:0
[  178898ms] [ERROR] Failed to load resource: the server responded with a status of 404 (Not Found) @ http://localhost:6010/_next/static/chunks/main-app.js?v=1789997337668:0
[  178899ms] [ERROR] Failed to load resource: the server responded with a status of 404 (Not Found) @ http://localhost:6010/_next/static/chunks/app-pages-internals.js:0
[  178971ms] [ERROR] Failed to load resource: the server responded with a status of 404 (Not Found) @ http://localhost:6010/_next/static/chunks/main-app.js?v=1789997337741:0
[  178971ms] [ERROR] Failed to load resource: the server responded with a status of 404 (Not Found) @ http://localhost:6010/_next/static/chunks/app-pages-internals.js:0
[  179047ms] [ERROR] Failed to load resource: the server responded with a status of 404 (Not Found) @ http://localhost:6010/_next/static/chunks/main-app.js?v=1789997337820:0
[  179048ms] [ERROR] Failed to load resource: the server responded with a status of 404 (Not Found) @ http://localhost:6010/_next/static/chunks/app-pages-internals.js:0
[  179120ms] [ERROR] Failed to load resource: the server responded with a status of 404 (Not Found) @ http://localhost:6010/_next/static/chunks/main-app.js?v=1789997337899:0
[  179120ms] [ERROR] Failed to load resource: the server responded with a status of 404 (Not Found) @ http://localhost:6010/_next/static/chunks/app-pages-internals.js:0
[  179175ms] [ERROR] Failed to load resource: the server responded with a status of 404 (Not Found) @ http://localhost:6010/_next/static/chunks/main-app.js?v=1789997337960:0
[  179176ms] [ERROR] Failed to load resource: the server responded with a status of 404 (Not Found) @ http://localhost:6010/_next/static/chunks/app-pages-internals.js:0
[  179235ms] [ERROR] Failed to load resource: the server responded with a status of 404 (Not Found) @ http://localhost:6010/_next/static/chunks/main-app.js?v=1789997338013:0
[  179235ms] [ERROR] Failed to load resource: the server responded with a status of 404 (Not Found) @ http://localhost:6010/_next/static/chunks/app-pages-internals.js:0
[  179288ms] [ERROR] Failed to load resource: the server responded with a status of 404 (Not Found) @ http://localhost:6010/_next/static/chunks/main-app.js?v=1789997338072:0
[  179288ms] [ERROR] Failed to load resource: the server responded with a status of 404 (Not Found) @ http://localhost:6010/_next/static/chunks/app-pages-internals.js:0
[  179345ms] [ERROR] Failed to load resource: the server responded with a status of 404 (Not Found) @ http://localhost:6010/_next/static/chunks/main-app.js?v=1789997338126:0
[  179345ms] [ERROR] Failed to load resource: the server responded with a status of 404 (Not Found) @ http://localhost:6010/_next/static/chunks/app-pages-internals.js:0
[  179432ms] [ERROR] Failed to load resource: the server responded with a status of 404 (Not Found) @ http://localhost:6010/_next/static/chunks/main-app.js?v=1789997338190:0
[  179432ms] [ERROR] Failed to load resource: the server responded with a status of 404 (Not Found) @ http://localhost:6010/_next/static/chunks/app-pages-internals.js:0
[  179436ms] [ERROR] Failed to load resource: the server responded with a status of 404 (Not Found) @ http://localhost:6010/_next/static/chunks/app/page.js:0
[  179496ms] [ERROR] Failed to load resource: the server responded with a status of 404 (Not Found) @ http://localhost:6010/_next/static/chunks/main-app.js?v=1789997338279:0
[  179497ms] [ERROR] Failed to load resource: the server responded with a status of 404 (Not Found) @ http://localhost:6010/_next/static/chunks/app-pages-internals.js:0
[  179597ms] [ERROR] Failed to load resource: the server responded with a status of 404 (Not Found) @ http://localhost:6010/_next/static/chunks/main-app.js?v=1789997338333:0
[  179597ms] [ERROR] Failed to load resource: the server responded with a status of 404 (Not Found) @ http://localhost:6010/_next/static/chunks/app-pages-internals.js:0
[  179678ms] [ERROR] Failed to load resource: the server responded with a status of 404 (Not Found) @ http://localhost:6010/_next/static/chunks/main-app.js?v=1789997338451:0
[  179678ms] [ERROR] Failed to load resource: the server responded with a status of 404 (Not Found) @ http://localhost:6010/_next/static/chunks/app-pages-internals.js:0
[  179774ms] [ERROR] Failed to load resource: the server responded with a status of 404 (Not Found) @ http://localhost:6010/_next/static/chunks/main-app.js?v=1789997338528:0
[  179775ms] [ERROR] Failed to load resource: the server responded with a status of 404 (Not Found) @ http://localhost:6010/_next/static/chunks/app-pages-internals.js:0
[  179846ms] [ERROR] Failed to load resource: the server responded with a status of 404 (Not Found) @ http://localhost:6010/_next/static/chunks/app-pages-internals.js:0
[  179847ms] [ERROR] Failed to load resource: the server responded with a status of 404 (Not Found) @ http://localhost:6010/_next/static/chunks/main-app.js?v=1789997338623:0
[  179913ms] [ERROR] Failed to load resource: the server responded with a status of 404 (Not Found) @ http://localhost:6010/_next/static/chunks/main-app.js?v=1789997338685:0
[  179914ms] [ERROR] Failed to load resource: the server responded with a status of 404 (Not Found) @ http://localhost:6010/_next/static/chunks/app-pages-internals.js:0
[  179990ms] [ERROR] Failed to load resource: the server responded with a status of 404 (Not Found) @ http://localhost:6010/_next/static/chunks/main-app.js?v=1789997338762:0
[  179990ms] [ERROR] Failed to load resource: the server responded with a status of 404 (Not Found) @ http://localhost:6010/_next/static/chunks/app-pages-internals.js:0
[  180067ms] [ERROR] Failed to load resource: the server responded with a status of 404 (Not Found) @ http://localhost:6010/_next/static/chunks/main-app.js?v=1789997338834:0
[  180069ms] [ERROR] Failed to load resource: the server responded with a status of 404 (Not Found) @ http://localhost:6010/_next/static/chunks/app-pages-internals.js:0
[  180218ms] [ERROR] Failed to load resource: the server responded with a status of 404 (Not Found) @ http://localhost:6010/_next/static/chunks/main-app.js?v=1789997338924:0
[  180219ms] [ERROR] Failed to load resource: the server responded with a status of 404 (Not Found) @ http://localhost:6010/_next/static/chunks/app-pages-internals.js:0
[  180271ms] [ERROR] Failed to load resource: the server responded with a status of 404 (Not Found) @ http://localhost:6010/_next/static/chunks/main-app.js?v=1789997339054:0
[  180273ms] [ERROR] Failed to load resource: the server responded with a status of 404 (Not Found) @ http://localhost:6010/_next/static/chunks/app-pages-internals.js:0
[  180328ms] [ERROR] Failed to load resource: the server responded with a status of 404 (Not Found) @ http://localhost:6010/_next/static/chunks/main-app.js?v=1789997339112:0
[  180329ms] [ERROR] Failed to load resource: the server responded with a status of 404 (Not Found) @ http://localhost:6010/_next/static/chunks/app-pages-internals.js:0
[  180386ms] [ERROR] Failed to load resource: the server responded with a status of 404 (Not Found) @ http://localhost:6010/_next/static/chunks/main-app.js?v=1789997339166:0
[  180386ms] [ERROR] Failed to load resource: the server responded with a status of 404 (Not Found) @ http://localhost:6010/_next/static/chunks/app-pages-internals.js:0
[  180471ms] [ERROR] Failed to load resource: the server responded with a status of 404 (Not Found) @ http://localhost:6010/_next/static/chunks/main-app.js?v=1789997339227:0
[  180471ms] [ERROR] Failed to load resource: the server responded with a status of 404 (Not Found) @ http://localhost:6010/_next/static/chunks/app-pages-internals.js:0
[  180473ms] [ERROR] Failed to load resource: the server responded with a status of 404 (Not Found) @ http://localhost:6010/_next/static/chunks/app/page.js:0
[  180543ms] [ERROR] Failed to load resource: the server responded with a status of 404 (Not Found) @ http://localhost:6010/_next/static/chunks/main-app.js?v=1789997339321:0
[  180545ms] [ERROR] Failed to load resource: the server responded with a status of 404 (Not Found) @ http://localhost:6010/_next/static/chunks/app-pages-internals.js:0
[  180647ms] [ERROR] Failed to load resource: the server responded with a status of 404 (Not Found) @ http://localhost:6010/_next/static/chunks/main-app.js?v=1789997339384:0
[  180647ms] [ERROR] Failed to load resource: the server responded with a status of 404 (Not Found) @ http://localhost:6010/_next/static/chunks/app-pages-internals.js:0
[  180729ms] [ERROR] Failed to load resource: the server responded with a status of 404 (Not Found) @ http://localhost:6010/_next/static/chunks/main-app.js?v=1789997339499:0
[  180730ms] [ERROR] Failed to load resource: the server responded with a status of 404 (Not Found) @ http://localhost:6010/_next/static/chunks/app-pages-internals.js:0
[  180806ms] [ERROR] Failed to load resource: the server responded with a status of 404 (Not Found) @ http://localhost:6010/_next/static/chunks/main-app.js?v=1789997339583:0
[  180807ms] [ERROR] Failed to load resource: the server responded with a status of 404 (Not Found) @ http://localhost:6010/_next/static/chunks/app-pages-internals.js:0
[  180887ms] [ERROR] Failed to load resource: the server responded with a status of 404 (Not Found) @ http://localhost:6010/_next/static/chunks/main-app.js?v=1789997339662:0
[  180887ms] [ERROR] Failed to load resource: the server responded with a status of 404 (Not Found) @ http://localhost:6010/_next/static/chunks/app-pages-internals.js:0
[  180960ms] [ERROR] Failed to load resource: the server responded with a status of 404 (Not Found) @ http://localhost:6010/_next/static/chunks/main-app.js?v=1789997339730:0
[  180961ms] [ERROR] Failed to load resource: the server responded with a status of 404 (Not Found) @ http://localhost:6010/_next/static/chunks/app-pages-internals.js:0
[  181040ms] [ERROR] Failed to load resource: the server responded with a status of 404 (Not Found) @ http://localhost:6010/_next/static/chunks/main-app.js?v=1789997339810:0
[  181040ms] [ERROR] Failed to load resource: the server responded with a status of 404 (Not Found) @ http://localhost:6010/_next/static/chunks/app-pages-internals.js:0
[  181111ms] [ERROR] Failed to load resource: the server responded with a status of 404 (Not Found) @ http://localhost:6010/_next/static/chunks/main-app.js?v=1789997339888:0
[  181111ms] [ERROR] Failed to load resource: the server responded with a status of 404 (Not Found) @ http://localhost:6010/_next/static/chunks/app-pages-internals.js:0
[  181174ms] [ERROR] Failed to load resource: the server responded with a status of 404 (Not Found) @ http://localhost:6010/_next/static/chunks/main-app.js?v=1789997339954:0
[  181175ms] [ERROR] Failed to load resource: the server responded with a status of 404 (Not Found) @ http://localhost:6010/_next/static/chunks/app-pages-internals.js:0
[  181231ms] [ERROR] Failed to load resource: the server responded with a status of 404 (Not Found) @ http://localhost:6010/_next/static/chunks/main-app.js?v=1789997340009:0
[  181231ms] [ERROR] Failed to load resource: the server responded with a status of 404 (Not Found) @ http://localhost:6010/_next/static/chunks/app-pages-internals.js:0
[  181290ms] [ERROR] Failed to load resource: the server responded with a status of 404 (Not Found) @ http://localhost:6010/_next/static/chunks/main-app.js?v=1789997340073:0
[  181290ms] [ERROR] Failed to load resource: the server responded with a status of 404 (Not Found) @ http://localhost:6010/_next/static/chunks/app-pages-internals.js:0
[  181346ms] [ERROR] Failed to load resource: the server responded with a status of 404 (Not Found) @ http://localhost:6010/_next/static/chunks/main-app.js?v=1789997340128:0
[  181347ms] [ERROR] Failed to load resource: the server responded with a status of 404 (Not Found) @ http://localhost:6010/_next/static/chunks/app-pages-internals.js:0
[  181438ms] [ERROR] Failed to load resource: the server responded with a status of 404 (Not Found) @ http://localhost:6010/_next/static/chunks/main-app.js?v=1789997340197:0
[  181438ms] [ERROR] Failed to load resource: the server responded with a status of 404 (Not Found) @ http://localhost:6010/_next/static/chunks/app-pages-internals.js:0
[  181438ms] [ERROR] Failed to load resource: the server responded with a status of 404 (Not Found) @ http://localhost:6010/_next/static/chunks/app/page.js:0
[  181572ms] [ERROR] Failed to load resource: the server responded with a status of 404 (Not Found) @ http://localhost:6010/_next/static/chunks/main-app.js?v=1789997340333:0
[  181572ms] [ERROR] Failed to load resource: the server responded with a status of 404 (Not Found) @ http://localhost:6010/_next/static/chunks/app-pages-internals.js:0
[  181695ms] [ERROR] Failed to load resource: the server responded with a status of 404 (Not Found) @ http://localhost:6010/_next/static/chunks/main-app.js?v=1789997340418:0
[  181695ms] [ERROR] Failed to load resource: the server responded with a status of 404 (Not Found) @ http://localhost:6010/_next/static/chunks/app-pages-internals.js:0
[  181781ms] [ERROR] Failed to load resource: the server responded with a status of 404 (Not Found) @ http://localhost:6010/_next/static/chunks/main-app.js?v=1789997340548:0
[  181783ms] [ERROR] Failed to load resource: the server responded with a status of 404 (Not Found) @ http://localhost:6010/_next/static/chunks/app-pages-internals.js:0
[  181879ms] [ERROR] Failed to load resource: the server responded with a status of 404 (Not Found) @ http://localhost:6010/_next/static/chunks/main-app.js?v=1789997340638:0
[  181879ms] [ERROR] Failed to load resource: the server responded with a status of 404 (Not Found) @ http://localhost:6010/_next/static/chunks/app-pages-internals.js:0
[  181957ms] [ERROR] Failed to load resource: the server responded with a status of 404 (Not Found) @ http://localhost:6010/_next/static/chunks/main-app.js?v=1789997340729:0
[  181959ms] [ERROR] Failed to load resource: the server responded with a status of 404 (Not Found) @ http://localhost:6010/_next/static/chunks/app-pages-internals.js:0
[  182050ms] [ERROR] Failed to load resource: the server responded with a status of 404 (Not Found) @ http://localhost:6010/_next/static/chunks/main-app.js?v=1789997340808:0
[  182051ms] [ERROR] Failed to load resource: the server responded with a status of 404 (Not Found) @ http://localhost:6010/_next/static/chunks/app-pages-internals.js:0
[  182136ms] [ERROR] Failed to load resource: the server responded with a status of 404 (Not Found) @ http://localhost:6010/_next/static/chunks/main-app.js?v=1789997340907:0
[  182137ms] [ERROR] Failed to load resource: the server responded with a status of 404 (Not Found) @ http://localhost:6010/_next/static/chunks/app-pages-internals.js:0
[  182213ms] [ERROR] Failed to load resource: the server responded with a status of 404 (Not Found) @ http://localhost:6010/_next/static/chunks/main-app.js?v=1789997340987:0
[  182214ms] [ERROR] Failed to load resource: the server responded with a status of 404 (Not Found) @ http://localhost:6010/_next/static/chunks/app-pages-internals.js:0
[  182278ms] [ERROR] Failed to load resource: the server responded with a status of 404 (Not Found) @ http://localhost:6010/_next/static/chunks/main-app.js?v=1789997341058:0
[  182279ms] [ERROR] Failed to load resource: the server responded with a status of 404 (Not Found) @ http://localhost:6010/_next/static/chunks/app-pages-internals.js:0
[  182330ms] [ERROR] Failed to load resource: the server responded with a status of 404 (Not Found) @ http://localhost:6010/_next/static/chunks/main-app.js?v=1789997341112:0
[  182331ms] [ERROR] Failed to load resource: the server responded with a status of 404 (Not Found) @ http://localhost:6010/_next/static/chunks/app-pages-internals.js:0
[  182391ms] [ERROR] Failed to load resource: the server responded with a status of 404 (Not Found) @ http://localhost:6010/_next/static/chunks/main-app.js?v=1789997341173:0
[  182391ms] [ERROR] Failed to load resource: the server responded with a status of 404 (Not Found) @ http://localhost:6010/_next/static/chunks/app-pages-internals.js:0
[  182454ms] [ERROR] Failed to load resource: the server responded with a status of 404 (Not Found) @ http://localhost:6010/_next/static/chunks/main-app.js?v=1789997341229:0
[  182454ms] [ERROR] Failed to load resource: the server responded with a status of 404 (Not Found) @ http://localhost:6010/_next/static/chunks/app-pages-internals.js:0
[  182529ms] [ERROR] Failed to load resource: the server responded with a status of 404 (Not Found) @ http://localhost:6010/_next/static/chunks/main-app.js?v=1789997341294:0
[  182530ms] [ERROR] Failed to load resource: the server responded with a status of 404 (Not Found) @ http://localhost:6010/_next/static/chunks/app-pages-internals.js:0
[  182533ms] [ERROR] Failed to load resource: the server responded with a status of 404 (Not Found) @ http://localhost:6010/_next/static/chunks/app/page.js:0
[  182603ms] [ERROR] Failed to load resource: the server responded with a status of 404 (Not Found) @ http://localhost:6010/_next/static/chunks/main-app.js?v=1789997341380:0
[  182604ms] [ERROR] Failed to load resource: the server responded with a status of 404 (Not Found) @ http://localhost:6010/_next/static/chunks/app-pages-internals.js:0
[  182698ms] [ERROR] Failed to load resource: the server responded with a status of 404 (Not Found) @ http://localhost:6010/_next/static/chunks/main-app.js?v=1789997341441:0
[  182698ms] [ERROR] Failed to load resource: the server responded with a status of 404 (Not Found) @ http://localhost:6010/_next/static/chunks/app-pages-internals.js:0
[  182787ms] [ERROR] Failed to load resource: the server responded with a status of 404 (Not Found) @ http://localhost:6010/_next/static/chunks/main-app.js?v=1789997341548:0
[  182787ms] [ERROR] Failed to load resource: the server responded with a status of 404 (Not Found) @ http://localhost:6010/_next/static/chunks/app-pages-internals.js:0
[  182870ms] [ERROR] Failed to load resource: the server responded with a status of 404 (Not Found) @ http://localhost:6010/_next/static/chunks/main-app.js?v=1789997341638:0
[  182870ms] [ERROR] Failed to load resource: the server responded with a status of 404 (Not Found) @ http://localhost:6010/_next/static/chunks/app-pages-internals.js:0
[  182948ms] [ERROR] Failed to load resource: the server responded with a status of 404 (Not Found) @ http://localhost:6010/_next/static/chunks/main-app.js?v=1789997341719:0
[  182950ms] [ERROR] Failed to load resource: the server responded with a status of 404 (Not Found) @ http://localhost:6010/_next/static/chunks/app-pages-internals.js:0
[  183034ms] [ERROR] Failed to load resource: the server responded with a status of 404 (Not Found) @ http://localhost:6010/_next/static/chunks/main-app.js?v=1789997341791:0
[  183035ms] [ERROR] Failed to load resource: the server responded with a status of 404 (Not Found) @ http://localhost:6010/_next/static/chunks/app-pages-internals.js:0
[  183114ms] [ERROR] Failed to load resource: the server responded with a status of 404 (Not Found) @ http://localhost:6010/_next/static/chunks/main-app.js?v=1789997341885:0
[  183115ms] [ERROR] Failed to load resource: the server responded with a status of 404 (Not Found) @ http://localhost:6010/_next/static/chunks/app-pages-internals.js:0
[  183202ms] [ERROR] Failed to load resource: the server responded with a status of 404 (Not Found) @ http://localhost:6010/_next/static/chunks/main-app.js?v=1789997341973:0
[  183202ms] [ERROR] Failed to load resource: the server responded with a status of 404 (Not Found) @ http://localhost:6010/_next/static/chunks/app-pages-internals.js:0
[  183264ms] [ERROR] Failed to load resource: the server responded with a status of 404 (Not Found) @ http://localhost:6010/_next/static/chunks/main-app.js?v=1789997342044:0
[  183265ms] [ERROR] Failed to load resource: the server responded with a status of 404 (Not Found) @ http://localhost:6010/_next/static/chunks/app-pages-internals.js:0
[  183334ms] [ERROR] Failed to load resource: the server responded with a status of 404 (Not Found) @ http://localhost:6010/_next/static/chunks/main-app.js?v=1789997342108:0
[  183336ms] [ERROR] Failed to load resource: the server responded with a status of 404 (Not Found) @ http://localhost:6010/_next/static/chunks/app-pages-internals.js:0
[  183398ms] [ERROR] Failed to load resource: the server responded with a status of 404 (Not Found) @ http://localhost:6010/_next/static/chunks/main-app.js?v=1789997342175:0
[  183399ms] [ERROR] Failed to load resource: the server responded with a status of 404 (Not Found) @ http://localhost:6010/_next/static/chunks/app-pages-internals.js:0
[  183464ms] [ERROR] Failed to load resource: the server responded with a status of 404 (Not Found) @ http://localhost:6010/_next/static/chunks/main-app.js?v=1789997342243:0
[  183465ms] [ERROR] Failed to load resource: the server responded with a status of 404 (Not Found) @ http://localhost:6010/_next/static/chunks/app-pages-internals.js:0
[  183586ms] [ERROR] Failed to load resource: the server responded with a status of 404 (Not Found) @ http://localhost:6010/_next/static/chunks/main-app.js?v=1789997342332:0
[  183586ms] [ERROR] Failed to load resource: the server responded with a status of 404 (Not Found) @ http://localhost:6010/_next/static/chunks/app-pages-internals.js:0
[  183600ms] [ERROR] Failed to load resource: the server responded with a status of 404 (Not Found) @ http://localhost:6010/_next/static/chunks/app/page.js:0
[  183656ms] [ERROR] Failed to load resource: the server responded with a status of 404 (Not Found) @ http://localhost:6010/_next/static/chunks/main-app.js?v=1789997342436:0
[  183656ms] [ERROR] Failed to load resource: the server responded with a status of 404 (Not Found) @ http://localhost:6010/_next/static/chunks/app-pages-internals.js:0
[  183757ms] [ERROR] Failed to load resource: the server responded with a status of 404 (Not Found) @ http://localhost:6010/_next/static/chunks/main-app.js?v=1789997342495:0
[  183757ms] [ERROR] Failed to load resource: the server responded with a status of 404 (Not Found) @ http://localhost:6010/_next/static/chunks/app-pages-internals.js:0
[  183847ms] [ERROR] Failed to load resource: the server responded with a status of 404 (Not Found) @ http://localhost:6010/_next/static/chunks/main-app.js?v=1789997342614:0
[  183848ms] [ERROR] Failed to load resource: the server responded with a status of 404 (Not Found) @ http://localhost:6010/_next/static/chunks/app-pages-internals.js:0
[  183927ms] [ERROR] Failed to load resource: the server responded with a status of 404 (Not Found) @ http://localhost:6010/_next/static/chunks/main-app.js?v=1789997342700:0
[  183927ms] [ERROR] Failed to load resource: the server responded with a status of 404 (Not Found) @ http://localhost:6010/_next/static/chunks/app-pages-internals.js:0
[  184011ms] [ERROR] Failed to load resource: the server responded with a status of 404 (Not Found) @ http://localhost:6010/_next/static/chunks/main-app.js?v=1789997342780:0
[  184012ms] [ERROR] Failed to load resource: the server responded with a status of 404 (Not Found) @ http://localhost:6010/_next/static/chunks/app-pages-internals.js:0
[  184100ms] [ERROR] Failed to load resource: the server responded with a status of 404 (Not Found) @ http://localhost:6010/_next/static/chunks/main-app.js?v=1789997342864:0
[  184101ms] [ERROR] Failed to load resource: the server responded with a status of 404 (Not Found) @ http://localhost:6010/_next/static/chunks/app-pages-internals.js:0
[  184222ms] [ERROR] Failed to load resource: the server responded with a status of 404 (Not Found) @ http://localhost:6010/_next/static/chunks/main-app.js?v=1789997342971:0
[  184223ms] [ERROR] Failed to load resource: the server responded with a status of 404 (Not Found) @ http://localhost:6010/_next/static/chunks/app-pages-internals.js:0
[  184321ms] [ERROR] Failed to load resource: the server responded with a status of 404 (Not Found) @ http://localhost:6010/_next/static/chunks/main-app.js?v=1789997343098:0
[  184321ms] [ERROR] Failed to load resource: the server responded with a status of 404 (Not Found) @ http://localhost:6010/_next/static/chunks/app-pages-internals.js:0
[  184388ms] [ERROR] Failed to load resource: the server responded with a status of 404 (Not Found) @ http://localhost:6010/_next/static/chunks/main-app.js?v=1789997343170:0
[  184389ms] [ERROR] Failed to load resource: the server responded with a status of 404 (Not Found) @ http://localhost:6010/_next/static/chunks/app-pages-internals.js:0
[  184550ms] [ERROR] Failed to load resource: the server responded with a status of 404 (Not Found) @ http://localhost:6010/_next/static/chunks/main-app.js?v=1789997343263:0
[  184643ms] [ERROR] Failed to load resource: the server responded with a status of 404 (Not Found) @ http://localhost:6010/_next/static/chunks/app-pages-internals.js:0
[  185089ms] [ERROR] Failed to load resource: the server responded with a status of 404 (Not Found) @ http://localhost:6010/_next/static/chunks/main-app.js?v=1789997343860:0
[  185090ms] [ERROR] Failed to load resource: the server responded with a status of 404 (Not Found) @ http://localhost:6010/_next/static/chunks/app-pages-internals.js:0
[  185164ms] [ERROR] Failed to load resource: the server responded with a status of 404 (Not Found) @ http://localhost:6010/_next/static/chunks/main-app.js?v=1789997343937:0
[  185164ms] [ERROR] Failed to load resource: the server responded with a status of 404 (Not Found) @ http://localhost:6010/_next/static/chunks/app-pages-internals.js:0
[  185289ms] [ERROR] Failed to load resource: the server responded with a status of 404 (Not Found) @ http://localhost:6010/_next/static/chunks/main-app.js?v=1789997344024:0
[  185299ms] [ERROR] Failed to load resource: the server responded with a status of 404 (Not Found) @ http://localhost:6010/_next/static/chunks/app-pages-internals.js:0
[  185299ms] [ERROR] Failed to load resource: the server responded with a status of 404 (Not Found) @ http://localhost:6010/_next/static/chunks/app/page.js:0
[  185462ms] [ERROR] Failed to load resource: the server responded with a status of 404 (Not Found) @ http://localhost:6010/_next/static/chunks/main-app.js?v=1789997344183:0
[  185463ms] [ERROR] Failed to load resource: the server responded with a status of 404 (Not Found) @ http://localhost:6010/_next/static/chunks/app-pages-internals.js:0
[  185869ms] [ERROR] Failed to load resource: the server responded with a status of 404 (Not Found) @ http://localhost:6010/_next/static/chunks/main-app.js?v=1789997344354:0
[  185870ms] [ERROR] Failed to load resource: the server responded with a status of 404 (Not Found) @ http://localhost:6010/_next/static/chunks/app-pages-internals.js:0
[  185981ms] [ERROR] Failed to load resource: the server responded with a status of 404 (Not Found) @ http://localhost:6010/_next/static/chunks/main-app.js?v=1789997344729:0
[  185981ms] [ERROR] Failed to load resource: the server responded with a status of 404 (Not Found) @ http://localhost:6010/_next/static/chunks/app-pages-internals.js:0
[  186078ms] [ERROR] Failed to load resource: the server responded with a status of 404 (Not Found) @ http://localhost:6010/_next/static/chunks/main-app.js?v=1789997344844:0
[  186078ms] [ERROR] Failed to load resource: the server responded with a status of 404 (Not Found) @ http://localhost:6010/_next/static/chunks/app-pages-internals.js:0
[  186168ms] [ERROR] Failed to load resource: the server responded with a status of 404 (Not Found) @ http://localhost:6010/_next/static/chunks/main-app.js?v=1789997344932:0
[  186170ms] [ERROR] Failed to load resource: the server responded with a status of 404 (Not Found) @ http://localhost:6010/_next/static/chunks/app-pages-internals.js:0
[  186294ms] [ERROR] Failed to load resource: the server responded with a status of 404 (Not Found) @ http://localhost:6010/_next/static/chunks/main-app.js?v=1789997345037:0
[  186296ms] [ERROR] Failed to load resource: the server responded with a status of 404 (Not Found) @ http://localhost:6010/_next/static/chunks/app-pages-internals.js:0
[  186461ms] [ERROR] Failed to load resource: the server responded with a status of 404 (Not Found) @ http://localhost:6010/_next/static/chunks/main-app.js?v=1789997345214:0
[  186463ms] [ERROR] Failed to load resource: the server responded with a status of 404 (Not Found) @ http://localhost:6010/_next/static/chunks/app-pages-internals.js:0
[  186572ms] [ERROR] Failed to load resource: the server responded with a status of 404 (Not Found) @ http://localhost:6010/_next/static/chunks/main-app.js?v=1789997345345:0
[  186572ms] [ERROR] Failed to load resource: the server responded with a status of 404 (Not Found) @ http://localhost:6010/_next/static/chunks/app-pages-internals.js:0
[  186644ms] [ERROR] Failed to load resource: the server responded with a status of 404 (Not Found) @ http://localhost:6010/_next/static/chunks/main-app.js?v=1789997345422:0
[  186645ms] [ERROR] Failed to load resource: the server responded with a status of 404 (Not Found) @ http://localhost:6010/_next/static/chunks/app-pages-internals.js:0
[  186724ms] [ERROR] Failed to load resource: the server responded with a status of 404 (Not Found) @ http://localhost:6010/_next/static/chunks/main-app.js?v=1789997345492:0
[  186725ms] [ERROR] Failed to load resource: the server responded with a status of 404 (Not Found) @ http://localhost:6010/_next/static/chunks/app-pages-internals.js:0
[  186795ms] [ERROR] Failed to load resource: the server responded with a status of 404 (Not Found) @ http://localhost:6010/_next/static/chunks/main-app.js?v=1789997345575:0
[  186796ms] [ERROR] Failed to load resource: the server responded with a status of 404 (Not Found) @ http://localhost:6010/_next/static/chunks/app-pages-internals.js:0
[  186870ms] [ERROR] Failed to load resource: the server responded with a status of 404 (Not Found) @ http://localhost:6010/_next/static/chunks/main-app.js?v=1789997345640:0
[  186877ms] [ERROR] Failed to load resource: the server responded with a status of 404 (Not Found) @ http://localhost:6010/_next/static/chunks/app-pages-internals.js:0
[  186998ms] [ERROR] Failed to load resource: the server responded with a status of 404 (Not Found) @ http://localhost:6010/_next/static/chunks/main-app.js?v=1789997345734:0
[  186999ms] [ERROR] Failed to load resource: the server responded with a status of 404 (Not Found) @ http://localhost:6010/_next/static/chunks/app-pages-internals.js:0
[  187000ms] [ERROR] Failed to load resource: the server responded with a status of 404 (Not Found) @ http://localhost:6010/_next/static/chunks/app/page.js:0
[  187093ms] [ERROR] Failed to load resource: the server responded with a status of 404 (Not Found) @ http://localhost:6010/_next/static/chunks/main-app.js?v=1789997345854:0
[  187095ms] [ERROR] Failed to load resource: the server responded with a status of 404 (Not Found) @ http://localhost:6010/_next/static/chunks/app-pages-internals.js:0
[  187229ms] [ERROR] Failed to load resource: the server responded with a status of 404 (Not Found) @ http://localhost:6010/_next/static/chunks/main-app.js?v=1789997345941:0
[  187229ms] [ERROR] Failed to load resource: the server responded with a status of 404 (Not Found) @ http://localhost:6010/_next/static/chunks/app-pages-internals.js:0
[  187394ms] [ERROR] Failed to load resource: the server responded with a status of 404 (Not Found) @ http://localhost:6010/_next/static/chunks/main-app.js?v=1789997346113:0
[  187394ms] [ERROR] Failed to load resource: the server responded with a status of 404 (Not Found) @ http://localhost:6010/_next/static/chunks/app-pages-internals.js:0
[  187491ms] [ERROR] Failed to load resource: the server responded with a status of 404 (Not Found) @ http://localhost:6010/_next/static/chunks/main-app.js?v=1789997346258:0
[  187492ms] [ERROR] Failed to load resource: the server responded with a status of 404 (Not Found) @ http://localhost:6010/_next/static/chunks/app-pages-internals.js:0
[  187585ms] [ERROR] Failed to load resource: the server responded with a status of 404 (Not Found) @ http://localhost:6010/_next/static/chunks/main-app.js?v=1789997346354:0
[  187585ms] [ERROR] Failed to load resource: the server responded with a status of 404 (Not Found) @ http://localhost:6010/_next/static/chunks/app-pages-internals.js:0
[  187704ms] [ERROR] Failed to load resource: the server responded with a status of 404 (Not Found) @ http://localhost:6010/_next/static/chunks/main-app.js?v=1789997346448:0
[  187704ms] [ERROR] Failed to load resource: the server responded with a status of 404 (Not Found) @ http://localhost:6010/_next/static/chunks/app-pages-internals.js:0
[  187856ms] [ERROR] Failed to load resource: the server responded with a status of 404 (Not Found) @ http://localhost:6010/_next/static/chunks/main-app.js?v=1789997346584:0
[  187862ms] [ERROR] Failed to load resource: the server responded with a status of 404 (Not Found) @ http://localhost:6010/_next/static/chunks/app-pages-internals.js:0
[  187987ms] [ERROR] Failed to load resource: the server responded with a status of 404 (Not Found) @ http://localhost:6010/_next/static/chunks/main-app.js?v=1789997346737:0
[  187990ms] [ERROR] Failed to load resource: the server responded with a status of 404 (Not Found) @ http://localhost:6010/_next/static/chunks/app-pages-internals.js:0
[  188397ms] [ERROR] Failed to load resource: the server responded with a status of 404 (Not Found) @ http://localhost:6010/_next/static/chunks/main-app.js?v=1789997347159:0
[  188398ms] [ERROR] Failed to load resource: the server responded with a status of 404 (Not Found) @ http://localhost:6010/_next/static/chunks/app-pages-internals.js:0
[  188497ms] [ERROR] Failed to load resource: the server responded with a status of 404 (Not Found) @ http://localhost:6010/_next/static/chunks/main-app.js?v=1789997347246:0
[  188499ms] [ERROR] Failed to load resource: the server responded with a status of 404 (Not Found) @ http://localhost:6010/_next/static/chunks/app-pages-internals.js:0
[  188613ms] [ERROR] Failed to load resource: the server responded with a status of 404 (Not Found) @ http://localhost:6010/_next/static/chunks/main-app.js?v=1789997347353:0
[  188614ms] [ERROR] Failed to load resource: the server responded with a status of 404 (Not Found) @ http://localhost:6010/_next/static/chunks/app-pages-internals.js:0
[  188726ms] [ERROR] Failed to load resource: the server responded with a status of 404 (Not Found) @ http://localhost:6010/_next/static/chunks/main-app.js?v=1789997347491:0
[  188726ms] [ERROR] Failed to load resource: the server responded with a status of 404 (Not Found) @ http://localhost:6010/_next/static/chunks/app-pages-internals.js:0
[  188889ms] [ERROR] Failed to load resource: the server responded with a status of 404 (Not Found) @ http://localhost:6010/_next/static/chunks/main-app.js?v=1789997347591:0
[  188890ms] [ERROR] Failed to load resource: the server responded with a status of 404 (Not Found) @ http://localhost:6010/_next/static/chunks/app-pages-internals.js:0
[  188904ms] [ERROR] Failed to load resource: the server responded with a status of 404 (Not Found) @ http://localhost:6010/_next/static/chunks/app/page.js:0
[  189056ms] [ERROR] Failed to load resource: the server responded with a status of 404 (Not Found) @ http://localhost:6010/_next/static/chunks/main-app.js?v=1789997347799:0
[  189056ms] [ERROR] Failed to load resource: the server responded with a status of 404 (Not Found) @ http://localhost:6010/_next/static/chunks/app-pages-internals.js:0
[  189194ms] [ERROR] Failed to load resource: the server responded with a status of 404 (Not Found) @ http://localhost:6010/_next/static/chunks/main-app.js?v=1789997347908:0
[  189194ms] [ERROR] Failed to load resource: the server responded with a status of 404 (Not Found) @ http://localhost:6010/_next/static/chunks/app-pages-internals.js:0
[  189315ms] [ERROR] Failed to load resource: the server responded with a status of 404 (Not Found) @ http://localhost:6010/_next/static/chunks/main-app.js?v=1789997348060:0
[  189316ms] [ERROR] Failed to load resource: the server responded with a status of 404 (Not Found) @ http://localhost:6010/_next/static/chunks/app-pages-internals.js:0
[  189414ms] [ERROR] Failed to load resource: the server responded with a status of 404 (Not Found) @ http://localhost:6010/_next/static/chunks/main-app.js?v=1789997348184:0
[  189415ms] [ERROR] Failed to load resource: the server responded with a status of 404 (Not Found) @ http://localhost:6010/_next/static/chunks/app-pages-internals.js:0
[  189496ms] [ERROR] Failed to load resource: the server responded with a status of 404 (Not Found) @ http://localhost:6010/_next/static/chunks/main-app.js?v=1789997348268:0
[  189497ms] [ERROR] Failed to load resource: the server responded with a status of 404 (Not Found) @ http://localhost:6010/_next/static/chunks/app-pages-internals.js:0
[  189583ms] [ERROR] Failed to load resource: the server responded with a status of 404 (Not Found) @ http://localhost:6010/_next/static/chunks/main-app.js?v=1789997348340:0
[  189584ms] [ERROR] Failed to load resource: the server responded with a status of 404 (Not Found) @ http://localhost:6010/_next/static/chunks/app-pages-internals.js:0
[  189753ms] [ERROR] Failed to load resource: the server responded with a status of 404 (Not Found) @ http://localhost:6010/_next/static/chunks/main-app.js?v=1789997348444:0
[  189754ms] [ERROR] Failed to load resource: the server responded with a status of 404 (Not Found) @ http://localhost:6010/_next/static/chunks/app-pages-internals.js:0
[  189870ms] [ERROR] Failed to load resource: the server responded with a status of 404 (Not Found) @ http://localhost:6010/_next/static/chunks/main-app.js?v=1789997348630:0
[  189870ms] [ERROR] Failed to load resource: the server responded with a status of 404 (Not Found) @ http://localhost:6010/_next/static/chunks/app-pages-internals.js:0
[  189963ms] [ERROR] Failed to load resource: the server responded with a status of 404 (Not Found) @ http://localhost:6010/_next/static/chunks/main-app.js?v=1789997348725:0
[  189965ms] [ERROR] Failed to load resource: the server responded with a status of 404 (Not Found) @ http://localhost:6010/_next/static/chunks/app-pages-internals.js:0
[  190031ms] [ERROR] Failed to load resource: the server responded with a status of 404 (Not Found) @ http://localhost:6010/_next/static/chunks/main-app.js?v=1789997348809:0
[  190032ms] [ERROR] Failed to load resource: the server responded with a status of 404 (Not Found) @ http://localhost:6010/_next/static/chunks/app-pages-internals.js:0
[  190094ms] [ERROR] Failed to load resource: the server responded with a status of 404 (Not Found) @ http://localhost:6010/_next/static/chunks/main-app.js?v=1789997348874:0
[  190095ms] [ERROR] Failed to load resource: the server responded with a status of 404 (Not Found) @ http://localhost:6010/_next/static/chunks/app-pages-internals.js:0
[  190167ms] [ERROR] Failed to load resource: the server responded with a status of 404 (Not Found) @ http://localhost:6010/_next/static/chunks/main-app.js?v=1789997348933:0
[  190167ms] [ERROR] Failed to load resource: the server responded with a status of 404 (Not Found) @ http://localhost:6010/_next/static/chunks/app-pages-internals.js:0
[  190262ms] [ERROR] Failed to load resource: the server responded with a status of 404 (Not Found) @ http://localhost:6010/_next/static/chunks/main-app.js?v=1789997349018:0
[  190263ms] [ERROR] Failed to load resource: the server responded with a status of 404 (Not Found) @ http://localhost:6010/_next/static/chunks/app-pages-internals.js:0
[  190266ms] [ERROR] Failed to load resource: the server responded with a status of 404 (Not Found) @ http://localhost:6010/_next/static/chunks/app/page.js:0
[  190340ms] [ERROR] Failed to load resource: the server responded with a status of 404 (Not Found) @ http://localhost:6010/_next/static/chunks/main-app.js?v=1789997349117:0
[  190340ms] [ERROR] Failed to load resource: the server responded with a status of 404 (Not Found) @ http://localhost:6010/_next/static/chunks/app-pages-internals.js:0
[  190482ms] [ERROR] Failed to load resource: the server responded with a status of 404 (Not Found) @ http://localhost:6010/_next/static/chunks/main-app.js?v=1789997349204:0
[  190482ms] [ERROR] Failed to load resource: the server responded with a status of 404 (Not Found) @ http://localhost:6010/_next/static/chunks/app-pages-internals.js:0
[  190596ms] [ERROR] Failed to load resource: the server responded with a status of 404 (Not Found) @ http://localhost:6010/_next/static/chunks/main-app.js?v=1789997349343:0
[  190597ms] [ERROR] Failed to load resource: the server responded with a status of 404 (Not Found) @ http://localhost:6010/_next/static/chunks/app-pages-internals.js:0
[  190691ms] [ERROR] Failed to load resource: the server responded with a status of 404 (Not Found) @ http://localhost:6010/_next/static/chunks/main-app.js?v=1789997349457:0
[  190692ms] [ERROR] Failed to load resource: the server responded with a status of 404 (Not Found) @ http://localhost:6010/_next/static/chunks/app-pages-internals.js:0
[  190764ms] [ERROR] Failed to load resource: the server responded with a status of 404 (Not Found) @ http://localhost:6010/_next/static/chunks/main-app.js?v=1789997349538:0
[  190764ms] [ERROR] Failed to load resource: the server responded with a status of 404 (Not Found) @ http://localhost:6010/_next/static/chunks/app-pages-internals.js:0
[  190854ms] [ERROR] Failed to load resource: the server responded with a status of 404 (Not Found) @ http://localhost:6010/_next/static/chunks/main-app.js?v=1789997349608:0
[  190855ms] [ERROR] Failed to load resource: the server responded with a status of 404 (Not Found) @ http://localhost:6010/_next/static/chunks/app-pages-internals.js:0
[  190967ms] [ERROR] Failed to load resource: the server responded with a status of 404 (Not Found) @ http://localhost:6010/_next/static/chunks/main-app.js?v=1789997349719:0
[  190969ms] [ERROR] Failed to load resource: the server responded with a status of 404 (Not Found) @ http://localhost:6010/_next/static/chunks/app-pages-internals.js:0
[  191085ms] [ERROR] Failed to load resource: the server responded with a status of 404 (Not Found) @ http://localhost:6010/_next/static/chunks/main-app.js?v=1789997349852:0
[  191086ms] [ERROR] Failed to load resource: the server responded with a status of 404 (Not Found) @ http://localhost:6010/_next/static/chunks/app-pages-internals.js:0
[  191173ms] [ERROR] Failed to load resource: the server responded with a status of 404 (Not Found) @ http://localhost:6010/_next/static/chunks/main-app.js?v=1789997349938:0
[  191181ms] [ERROR] Failed to load resource: the server responded with a status of 404 (Not Found) @ http://localhost:6010/_next/static/chunks/app-pages-internals.js:0
[  191262ms] [ERROR] Failed to load resource: the server responded with a status of 404 (Not Found) @ http://localhost:6010/_next/static/chunks/main-app.js?v=1789997350042:0
[  191263ms] [ERROR] Failed to load resource: the server responded with a status of 404 (Not Found) @ http://localhost:6010/_next/static/chunks/app-pages-internals.js:0
[  191353ms] [ERROR] Failed to load resource: the server responded with a status of 404 (Not Found) @ http://localhost:6010/_next/static/chunks/main-app.js?v=1789997350105:0
[  191358ms] [ERROR] Failed to load resource: the server responded with a status of 404 (Not Found) @ http://localhost:6010/_next/static/chunks/app-pages-internals.js:0
[  191429ms] [ERROR] Failed to load resource: the server responded with a status of 404 (Not Found) @ http://localhost:6010/_next/static/chunks/main-app.js?v=1789997350203:0
[  191430ms] [ERROR] Failed to load resource: the server responded with a status of 404 (Not Found) @ http://localhost:6010/_next/static/chunks/app-pages-internals.js:0
[  198332ms] [ERROR] Failed to load resource: the server responded with a status of 404 (Not Found) @ http://localhost:6010/_next/static/chunks/main-app.js?v=1789997357065:0
[  198333ms] [ERROR] Failed to load resource: the server responded with a status of 404 (Not Found) @ http://localhost:6010/_next/static/chunks/app-pages-internals.js:0
[  198337ms] [ERROR] Failed to load resource: the server responded with a status of 404 (Not Found) @ http://localhost:6010/_next/static/chunks/app/page.js:0
[  201372ms] [WARNING] The resource http://localhost:6010/_next/image?url=%2Fassets%2Fimagery%2Fpunakha-foggy-dzong.webp&w=640&q=75 was preloaded using link preload but not used within a few seconds from the window's load event. Please make sure it has an appropriate `as` value and it is preloaded intentionally. @ http://localhost:6010/:0
[  223474ms] [ERROR] Failed to load resource: the server responded with a status of 404 (Not Found) @ http://localhost:6010/_next/static/chunks/main-app.js?v=1789997382073:0
[  223474ms] [ERROR] Failed to load resource: the server responded with a status of 404 (Not Found) @ http://localhost:6010/_next/static/chunks/app-pages-internals.js:0
[  223601ms] [ERROR] Failed to load resource: the server responded with a status of 404 (Not Found) @ http://localhost:6010/_next/static/chunks/main-app.js?v=1789997382361:0
[  223601ms] [ERROR] Failed to load resource: the server responded with a status of 404 (Not Found) @ http://localhost:6010/_next/static/chunks/app-pages-internals.js:0
[  223794ms] [ERROR] Failed to load resource: the server responded with a status of 404 (Not Found) @ http://localhost:6010/_next/static/chunks/main-app.js?v=1789997382469:0
[  223794ms] [ERROR] Failed to load resource: the server responded with a status of 404 (Not Found) @ http://localhost:6010/_next/static/chunks/app-pages-internals.js:0
[  223956ms] [ERROR] Failed to load resource: the server responded with a status of 404 (Not Found) @ http://localhost:6010/_next/static/chunks/main-app.js?v=1789997382657:0
[  223956ms] [ERROR] Failed to load resource: the server responded with a status of 404 (Not Found) @ http://localhost:6010/_next/static/chunks/app-pages-internals.js:0
[  224091ms] [ERROR] Failed to load resource: the server responded with a status of 404 (Not Found) @ http://localhost:6010/_next/static/chunks/main-app.js?v=1789997382851:0
[  224091ms] [ERROR] Failed to load resource: the server responded with a status of 404 (Not Found) @ http://localhost:6010/_next/static/chunks/app-pages-internals.js:0
[  224213ms] [ERROR] Failed to load resource: the server responded with a status of 404 (Not Found) @ http://localhost:6010/_next/static/chunks/main-app.js?v=1789997382977:0
[  224216ms] [ERROR] Failed to load resource: the server responded with a status of 404 (Not Found) @ http://localhost:6010/_next/static/chunks/app-pages-internals.js:0
[  224500ms] [ERROR] Failed to load resource: the server responded with a status of 404 (Not Found) @ http://localhost:6010/_next/static/chunks/main-app.js?v=1789997383109:0
[  224500ms] [ERROR] Failed to load resource: the server responded with a status of 404 (Not Found) @ http://localhost:6010/_next/static/chunks/app-pages-internals.js:0
[  224600ms] [ERROR] Failed to load resource: the server responded with a status of 404 (Not Found) @ http://localhost:6010/_next/static/chunks/main-app.js?v=1789997383372:0
[  224601ms] [ERROR] Failed to load resource: the server responded with a status of 404 (Not Found) @ http://localhost:6010/_next/static/chunks/app-pages-internals.js:0
[  224709ms] [ERROR] Failed to load resource: the server responded with a status of 404 (Not Found) @ http://localhost:6010/_next/static/chunks/main-app.js?v=1789997383479:0
[  224709ms] [ERROR] Failed to load resource: the server responded with a status of 404 (Not Found) @ http://localhost:6010/_next/static/chunks/app-pages-internals.js:0
[  224785ms] [ERROR] Failed to load resource: the server responded with a status of 404 (Not Found) @ http://localhost:6010/_next/static/chunks/main-app.js?v=1789997383563:0
[  224785ms] [ERROR] Failed to load resource: the server responded with a status of 404 (Not Found) @ http://localhost:6010/_next/static/chunks/app-pages-internals.js:0
[  224861ms] [ERROR] Failed to load resource: the server responded with a status of 404 (Not Found) @ http://localhost:6010/_next/static/chunks/main-app.js?v=1789997383640:0
[  224863ms] [ERROR] Failed to load resource: the server responded with a status of 404 (Not Found) @ http://localhost:6010/_next/static/chunks/app-pages-internals.js:0
[  224940ms] [ERROR] Failed to load resource: the server responded with a status of 404 (Not Found) @ http://localhost:6010/_next/static/chunks/main-app.js?v=1789997383710:0
[  224940ms] [ERROR] Failed to load resource: the server responded with a status of 404 (Not Found) @ http://localhost:6010/_next/static/chunks/app-pages-internals.js:0
[  225013ms] [ERROR] Failed to load resource: the server responded with a status of 404 (Not Found) @ http://localhost:6010/_next/static/chunks/main-app.js?v=1789997383792:0
[  225015ms] [ERROR] Failed to load resource: the server responded with a status of 404 (Not Found) @ http://localhost:6010/_next/static/chunks/app-pages-internals.js:0
[  225091ms] [ERROR] Failed to load resource: the server responded with a status of 404 (Not Found) @ http://localhost:6010/_next/static/chunks/main-app.js?v=1789997383867:0
[  225091ms] [ERROR] Failed to load resource: the server responded with a status of 404 (Not Found) @ http://localhost:6010/_next/static/chunks/app-pages-internals.js:0
[  225187ms] [ERROR] Failed to load resource: the server responded with a status of 404 (Not Found) @ http://localhost:6010/_next/static/chunks/main-app.js?v=1789997383942:0
[  225187ms] [ERROR] Failed to load resource: the server responded with a status of 404 (Not Found) @ http://localhost:6010/_next/static/chunks/app-pages-internals.js:0
[  225273ms] [ERROR] Failed to load resource: the server responded with a status of 404 (Not Found) @ http://localhost:6010/_next/static/chunks/main-app.js?v=1789997384054:0
[  225273ms] [ERROR] Failed to load resource: the server responded with a status of 404 (Not Found) @ http://localhost:6010/_next/static/chunks/app-pages-internals.js:0
[  225387ms] [ERROR] Failed to load resource: the server responded with a status of 404 (Not Found) @ http://localhost:6010/_next/static/chunks/main-app.js?v=1789997384111:0
[  225387ms] [ERROR] Failed to load resource: the server responded with a status of 404 (Not Found) @ http://localhost:6010/_next/static/chunks/app-pages-internals.js:0
[  225565ms] [ERROR] Failed to load resource: the server responded with a status of 404 (Not Found) @ http://localhost:6010/_next/static/chunks/main-app.js?v=1789997384264:0
[  225565ms] [ERROR] Failed to load resource: the server responded with a status of 404 (Not Found) @ http://localhost:6010/_next/static/chunks/app-pages-internals.js:0
[  225656ms] [ERROR] Failed to load resource: the server responded with a status of 404 (Not Found) @ http://localhost:6010/_next/static/chunks/main-app.js?v=1789997384415:0
[  225656ms] [ERROR] Failed to load resource: the server responded with a status of 404 (Not Found) @ http://localhost:6010/_next/static/chunks/app-pages-internals.js:0
[  225731ms] [ERROR] Failed to load resource: the server responded with a status of 404 (Not Found) @ http://localhost:6010/_next/static/chunks/main-app.js?v=1789997384506:0
[  225732ms] [ERROR] Failed to load resource: the server responded with a status of 404 (Not Found) @ http://localhost:6010/_next/static/chunks/app-pages-internals.js:0
[  225819ms] [ERROR] Failed to load resource: the server responded with a status of 404 (Not Found) @ http://localhost:6010/_next/static/chunks/main-app.js?v=1789997384588:0
[  225820ms] [ERROR] Failed to load resource: the server responded with a status of 404 (Not Found) @ http://localhost:6010/_next/static/chunks/app-pages-internals.js:0
[  225898ms] [ERROR] Failed to load resource: the server responded with a status of 404 (Not Found) @ http://localhost:6010/_next/static/chunks/main-app.js?v=1789997384667:0
[  225899ms] [ERROR] Failed to load resource: the server responded with a status of 404 (Not Found) @ http://localhost:6010/_next/static/chunks/app-pages-internals.js:0
[  225999ms] [ERROR] Failed to load resource: the server responded with a status of 404 (Not Found) @ http://localhost:6010/_next/static/chunks/main-app.js?v=1789997384762:0
[  225999ms] [ERROR] Failed to load resource: the server responded with a status of 404 (Not Found) @ http://localhost:6010/_next/static/chunks/app-pages-internals.js:0
[  226072ms] [ERROR] Failed to load resource: the server responded with a status of 404 (Not Found) @ http://localhost:6010/_next/static/chunks/main-app.js?v=1789997384848:0
[  226072ms] [ERROR] Failed to load resource: the server responded with a status of 404 (Not Found) @ http://localhost:6010/_next/static/chunks/app-pages-internals.js:0
[  226137ms] [ERROR] Failed to load resource: the server responded with a status of 404 (Not Found) @ http://localhost:6010/_next/static/chunks/main-app.js?v=1789997384916:0
[  226137ms] [ERROR] Failed to load resource: the server responded with a status of 404 (Not Found) @ http://localhost:6010/_next/static/chunks/app-pages-internals.js:0
[  226199ms] [ERROR] Failed to load resource: the server responded with a status of 404 (Not Found) @ http://localhost:6010/_next/static/chunks/main-app.js?v=1789997384974:0
[  226200ms] [ERROR] Failed to load resource: the server responded with a status of 404 (Not Found) @ http://localhost:6010/_next/static/chunks/app-pages-internals.js:0
[  226264ms] [ERROR] Failed to load resource: the server responded with a status of 404 (Not Found) @ http://localhost:6010/_next/static/chunks/main-app.js?v=1789997385043:0
[  226265ms] [ERROR] Failed to load resource: the server responded with a status of 404 (Not Found) @ http://localhost:6010/_next/static/chunks/app-pages-internals.js:0
[  226332ms] [ERROR] Failed to load resource: the server responded with a status of 404 (Not Found) @ http://localhost:6010/_next/static/chunks/main-app.js?v=1789997385109:0
[  226333ms] [ERROR] Failed to load resource: the server responded with a status of 404 (Not Found) @ http://localhost:6010/_next/static/chunks/app-pages-internals.js:0
[  226434ms] [ERROR] Failed to load resource: the server responded with a status of 404 (Not Found) @ http://localhost:6010/_next/static/chunks/main-app.js?v=1789997385188:0
[  226434ms] [ERROR] Failed to load resource: the server responded with a status of 404 (Not Found) @ http://localhost:6010/_next/static/chunks/app-pages-internals.js:0
[  226517ms] [ERROR] Failed to load resource: the server responded with a status of 404 (Not Found) @ http://localhost:6010/_next/static/chunks/main-app.js?v=1789997385292:0
[  226517ms] [ERROR] Failed to load resource: the server responded with a status of 404 (Not Found) @ http://localhost:6010/_next/static/chunks/app-pages-internals.js:0
[  226614ms] [ERROR] Failed to load resource: the server responded with a status of 404 (Not Found) @ http://localhost:6010/_next/static/chunks/main-app.js?v=1789997385357:0
[  226615ms] [ERROR] Failed to load resource: the server responded with a status of 404 (Not Found) @ http://localhost:6010/_next/static/chunks/app-pages-internals.js:0
[  226728ms] [ERROR] Failed to load resource: the server responded with a status of 404 (Not Found) @ http://localhost:6010/_next/static/chunks/main-app.js?v=1789997385470:0
[  226728ms] [ERROR] Failed to load resource: the server responded with a status of 404 (Not Found) @ http://localhost:6010/_next/static/chunks/app-pages-internals.js:0
[  226815ms] [ERROR] Failed to load resource: the server responded with a status of 404 (Not Found) @ http://localhost:6010/_next/static/chunks/main-app.js?v=1789997385573:0
[  226816ms] [ERROR] Failed to load resource: the server responded with a status of 404 (Not Found) @ http://localhost:6010/_next/static/chunks/app-pages-internals.js:0
[  226881ms] [ERROR] Failed to load resource: the server responded with a status of 404 (Not Found) @ http://localhost:6010/_next/static/chunks/main-app.js?v=1789997385659:0
[  226881ms] [ERROR] Failed to load resource: the server responded with a status of 404 (Not Found) @ http://localhost:6010/_next/static/chunks/app-pages-internals.js:0
[  226958ms] [ERROR] Failed to load resource: the server responded with a status of 404 (Not Found) @ http://localhost:6010/_next/static/chunks/main-app.js?v=1789997385728:0
[  226959ms] [ERROR] Failed to load resource: the server responded with a status of 404 (Not Found) @ http://localhost:6010/_next/static/chunks/app-pages-internals.js:0
[  227030ms] [ERROR] Failed to load resource: the server responded with a status of 404 (Not Found) @ http://localhost:6010/_next/static/chunks/main-app.js?v=1789997385799:0
[  227031ms] [ERROR] Failed to load resource: the server responded with a status of 404 (Not Found) @ http://localhost:6010/_next/static/chunks/app-pages-internals.js:0
[  227113ms] [ERROR] Failed to load resource: the server responded with a status of 404 (Not Found) @ http://localhost:6010/_next/static/chunks/main-app.js?v=1789997385887:0
[  227114ms] [ERROR] Failed to load resource: the server responded with a status of 404 (Not Found) @ http://localhost:6010/_next/static/chunks/app-pages-internals.js:0
[  227194ms] [ERROR] Failed to load resource: the server responded with a status of 404 (Not Found) @ http://localhost:6010/_next/static/chunks/main-app.js?v=1789997385970:0
[  227194ms] [ERROR] Failed to load resource: the server responded with a status of 404 (Not Found) @ http://localhost:6010/_next/static/chunks/app-pages-internals.js:0
[  227253ms] [ERROR] Failed to load resource: the server responded with a status of 404 (Not Found) @ http://localhost:6010/_next/static/chunks/main-app.js?v=1789997386036:0
[  227254ms] [ERROR] Failed to load resource: the server responded with a status of 404 (Not Found) @ http://localhost:6010/_next/static/chunks/app-pages-internals.js:0
[  227318ms] [ERROR] Failed to load resource: the server responded with a status of 404 (Not Found) @ http://localhost:6010/_next/static/chunks/main-app.js?v=1789997386091:0
[  227318ms] [ERROR] Failed to load resource: the server responded with a status of 404 (Not Found) @ http://localhost:6010/_next/static/chunks/app-pages-internals.js:0
[  227378ms] [ERROR] Failed to load resource: the server responded with a status of 404 (Not Found) @ http://localhost:6010/_next/static/chunks/main-app.js?v=1789997386157:0
[  227379ms] [ERROR] Failed to load resource: the server responded with a status of 404 (Not Found) @ http://localhost:6010/_next/static/chunks/app-pages-internals.js:0
[  227442ms] [ERROR] Failed to load resource: the server responded with a status of 404 (Not Found) @ http://localhost:6010/_next/static/chunks/main-app.js?v=1789997386217:0
[  227442ms] [ERROR] Failed to load resource: the server responded with a status of 404 (Not Found) @ http://localhost:6010/_next/static/chunks/app-pages-internals.js:0
[  227529ms] [ERROR] Failed to load resource: the server responded with a status of 404 (Not Found) @ http://localhost:6010/_next/static/chunks/main-app.js?v=1789997386286:0
[  227530ms] [ERROR] Failed to load resource: the server responded with a status of 404 (Not Found) @ http://localhost:6010/_next/static/chunks/app-pages-internals.js:0
[  227605ms] [ERROR] Failed to load resource: the server responded with a status of 404 (Not Found) @ http://localhost:6010/_next/static/chunks/main-app.js?v=1789997386384:0
[  227605ms] [ERROR] Failed to load resource: the server responded with a status of 404 (Not Found) @ http://localhost:6010/_next/static/chunks/app-pages-internals.js:0
[  227709ms] [ERROR] Failed to load resource: the server responded with a status of 404 (Not Found) @ http://localhost:6010/_next/static/chunks/main-app.js?v=1789997386447:0
[  227709ms] [ERROR] Failed to load resource: the server responded with a status of 404 (Not Found) @ http://localhost:6010/_next/static/chunks/app-pages-internals.js:0
[  227847ms] [ERROR] Failed to load resource: the server responded with a status of 404 (Not Found) @ http://localhost:6010/_next/static/chunks/main-app.js?v=1789997386557:0
[  227847ms] [ERROR] Failed to load resource: the server responded with a status of 404 (Not Found) @ http://localhost:6010/_next/static/chunks/app-pages-internals.js:0
[  227936ms] [ERROR] Failed to load resource: the server responded with a status of 404 (Not Found) @ http://localhost:6010/_next/static/chunks/main-app.js?v=1789997386697:0
[  227936ms] [ERROR] Failed to load resource: the server responded with a status of 404 (Not Found) @ http://localhost:6010/_next/static/chunks/app-pages-internals.js:0
[  228011ms] [ERROR] Failed to load resource: the server responded with a status of 404 (Not Found) @ http://localhost:6010/_next/static/chunks/main-app.js?v=1789997386786:0
[  228013ms] [ERROR] Failed to load resource: the server responded with a status of 404 (Not Found) @ http://localhost:6010/_next/static/chunks/app-pages-internals.js:0
[  228141ms] [ERROR] Failed to load resource: the server responded with a status of 404 (Not Found) @ http://localhost:6010/_next/static/chunks/main-app.js?v=1789997386891:0
[  228143ms] [ERROR] Failed to load resource: the server responded with a status of 404 (Not Found) @ http://localhost:6010/_next/static/chunks/app-pages-internals.js:0
[  228447ms] [ERROR] Failed to load resource: the server responded with a status of 404 (Not Found) @ http://localhost:6010/_next/static/chunks/main-app.js?v=1789997387019:0
[  228447ms] [ERROR] Failed to load resource: the server responded with a status of 404 (Not Found) @ http://localhost:6010/_next/static/chunks/app-pages-internals.js:0
[  228535ms] [ERROR] Failed to load resource: the server responded with a status of 404 (Not Found) @ http://localhost:6010/_next/static/chunks/main-app.js?v=1789997387307:0
[  228536ms] [ERROR] Failed to load resource: the server responded with a status of 404 (Not Found) @ http://localhost:6010/_next/static/chunks/app-pages-internals.js:0
[  228610ms] [ERROR] Failed to load resource: the server responded with a status of 404 (Not Found) @ http://localhost:6010/_next/static/chunks/main-app.js?v=1789997387384:0
[  228610ms] [ERROR] Failed to load resource: the server responded with a status of 404 (Not Found) @ http://localhost:6010/_next/static/chunks/app-pages-internals.js:0
[  228676ms] [ERROR] Failed to load resource: the server responded with a status of 404 (Not Found) @ http://localhost:6010/_next/static/chunks/main-app.js?v=1789997387452:0
[  228677ms] [ERROR] Failed to load resource: the server responded with a status of 404 (Not Found) @ http://localhost:6010/_next/static/chunks/app-pages-internals.js:0
[  228730ms] [ERROR] Failed to load resource: the server responded with a status of 404 (Not Found) @ http://localhost:6010/_next/static/chunks/main-app.js?v=1789997387510:0
[  228733ms] [ERROR] Failed to load resource: the server responded with a status of 404 (Not Found) @ http://localhost:6010/_next/static/chunks/app-pages-internals.js:0
[  228791ms] [ERROR] Failed to load resource: the server responded with a status of 404 (Not Found) @ http://localhost:6010/_next/static/chunks/main-app.js?v=1789997387569:0
[  228795ms] [ERROR] Failed to load resource: the server responded with a status of 404 (Not Found) @ http://localhost:6010/_next/static/chunks/app-pages-internals.js:0
[  228868ms] [ERROR] Failed to load resource: the server responded with a status of 404 (Not Found) @ http://localhost:6010/_next/static/chunks/main-app.js?v=1789997387633:0
[  228870ms] [ERROR] Failed to load resource: the server responded with a status of 404 (Not Found) @ http://localhost:6010/_next/static/chunks/app-pages-internals.js:0
[  228979ms] [ERROR] Failed to load resource: the server responded with a status of 404 (Not Found) @ http://localhost:6010/_next/static/chunks/main-app.js?v=1789997387727:0
[  228979ms] [ERROR] Failed to load resource: the server responded with a status of 404 (Not Found) @ http://localhost:6010/_next/static/chunks/app-pages-internals.js:0
[  229063ms] [ERROR] Failed to load resource: the server responded with a status of 404 (Not Found) @ http://localhost:6010/_next/static/chunks/main-app.js?v=1789997387835:0
[  229064ms] [ERROR] Failed to load resource: the server responded with a status of 404 (Not Found) @ http://localhost:6010/_next/static/chunks/app-pages-internals.js:0
[  229257ms] [ERROR] Failed to load resource: the server responded with a status of 404 (Not Found) @ http://localhost:6010/_next/static/chunks/main-app.js?v=1789997387954:0
[  229257ms] [ERROR] Failed to load resource: the server responded with a status of 404 (Not Found) @ http://localhost:6010/_next/static/chunks/app-pages-internals.js:0
[  229397ms] [ERROR] Failed to load resource: the server responded with a status of 404 (Not Found) @ http://localhost:6010/_next/static/chunks/main-app.js?v=1789997388116:0
[  229397ms] [ERROR] Failed to load resource: the server responded with a status of 404 (Not Found) @ http://localhost:6010/_next/static/chunks/app-pages-internals.js:0
[  229494ms] [ERROR] Failed to load resource: the server responded with a status of 404 (Not Found) @ http://localhost:6010/_next/static/chunks/main-app.js?v=1789997388251:0
[  229494ms] [ERROR] Failed to load resource: the server responded with a status of 404 (Not Found) @ http://localhost:6010/_next/static/chunks/app-pages-internals.js:0
[  229580ms] [ERROR] Failed to load resource: the server responded with a status of 404 (Not Found) @ http://localhost:6010/_next/static/chunks/main-app.js?v=1789997388352:0
[  229580ms] [ERROR] Failed to load resource: the server responded with a status of 404 (Not Found) @ http://localhost:6010/_next/static/chunks/app-pages-internals.js:0
[  229662ms] [ERROR] Failed to load resource: the server responded with a status of 404 (Not Found) @ http://localhost:6010/_next/static/chunks/main-app.js?v=1789997388435:0
[  229664ms] [ERROR] Failed to load resource: the server responded with a status of 404 (Not Found) @ http://localhost:6010/_next/static/chunks/app-pages-internals.js:0
[  229744ms] [ERROR] Failed to load resource: the server responded with a status of 404 (Not Found) @ http://localhost:6010/_next/static/chunks/main-app.js?v=1789997388504:0
[  229744ms] [ERROR] Failed to load resource: the server responded with a status of 404 (Not Found) @ http://localhost:6010/_next/static/chunks/app-pages-internals.js:0
[  230032ms] [ERROR] Failed to load resource: the server responded with a status of 404 (Not Found) @ http://localhost:6010/_next/static/chunks/main-app.js?v=1789997388741:0
[  230032ms] [ERROR] Failed to load resource: the server responded with a status of 404 (Not Found) @ http://localhost:6010/_next/static/chunks/app-pages-internals.js:0
[  230140ms] [ERROR] Failed to load resource: the server responded with a status of 404 (Not Found) @ http://localhost:6010/_next/static/chunks/main-app.js?v=1789997388900:0
[  230140ms] [ERROR] Failed to load resource: the server responded with a status of 404 (Not Found) @ http://localhost:6010/_next/static/chunks/app-pages-internals.js:0
[  230261ms] [ERROR] Failed to load resource: the server responded with a status of 404 (Not Found) @ http://localhost:6010/_next/static/chunks/main-app.js?v=1789997389006:0
[  230261ms] [ERROR] Failed to load resource: the server responded with a status of 404 (Not Found) @ http://localhost:6010/_next/static/chunks/app-pages-internals.js:0
[  230370ms] [ERROR] Failed to load resource: the server responded with a status of 404 (Not Found) @ http://localhost:6010/_next/static/chunks/main-app.js?v=1789997389133:0
[  230371ms] [ERROR] Failed to load resource: the server responded with a status of 404 (Not Found) @ http://localhost:6010/_next/static/chunks/app-pages-internals.js:0
[  230467ms] [ERROR] Failed to load resource: the server responded with a status of 404 (Not Found) @ http://localhost:6010/_next/static/chunks/main-app.js?v=1789997389227:0
[  230469ms] [ERROR] Failed to load resource: the server responded with a status of 404 (Not Found) @ http://localhost:6010/_next/static/chunks/app-pages-internals.js:0
[  230572ms] [ERROR] Failed to load resource: the server responded with a status of 404 (Not Found) @ http://localhost:6010/_next/static/chunks/main-app.js?v=1789997389321:0
[  230573ms] [ERROR] Failed to load resource: the server responded with a status of 404 (Not Found) @ http://localhost:6010/_next/static/chunks/app-pages-internals.js:0
[  230731ms] [ERROR] Failed to load resource: the server responded with a status of 404 (Not Found) @ http://localhost:6010/_next/static/chunks/main-app.js?v=1789997389425:0
[  230732ms] [ERROR] Failed to load resource: the server responded with a status of 404 (Not Found) @ http://localhost:6010/_next/static/chunks/app-pages-internals.js:0
[  230846ms] [ERROR] Failed to load resource: the server responded with a status of 404 (Not Found) @ http://localhost:6010/_next/static/chunks/main-app.js?v=1789997389594:0
[  230847ms] [ERROR] Failed to load resource: the server responded with a status of 404 (Not Found) @ http://localhost:6010/_next/static/chunks/app-pages-internals.js:0
[  230989ms] [ERROR] Failed to load resource: the server responded with a status of 404 (Not Found) @ http://localhost:6010/_next/static/chunks/main-app.js?v=1789997389701:0
[  231008ms] [ERROR] Failed to load resource: the server responded with a status of 404 (Not Found) @ http://localhost:6010/_next/static/chunks/app-pages-internals.js:0
[  231163ms] [ERROR] Failed to load resource: the server responded with a status of 404 (Not Found) @ http://localhost:6010/_next/static/chunks/main-app.js?v=1789997389874:0
[  231163ms] [ERROR] Failed to load resource: the server responded with a status of 404 (Not Found) @ http://localhost:6010/_next/static/chunks/app-pages-internals.js:0
[  231260ms] [ERROR] Failed to load resource: the server responded with a status of 404 (Not Found) @ http://localhost:6010/_next/static/chunks/main-app.js?v=1789997390023:0
[  231260ms] [ERROR] Failed to load resource: the server responded with a status of 404 (Not Found) @ http://localhost:6010/_next/static/chunks/app-pages-internals.js:0
[  231345ms] [ERROR] Failed to load resource: the server responded with a status of 404 (Not Found) @ http://localhost:6010/_next/static/chunks/main-app.js?v=1789997390114:0
[  231345ms] [ERROR] Failed to load resource: the server responded with a status of 404 (Not Found) @ http://localhost:6010/_next/static/chunks/app-pages-internals.js:0
[  231437ms] [ERROR] Failed to load resource: the server responded with a status of 404 (Not Found) @ http://localhost:6010/_next/static/chunks/main-app.js?v=1789997390192:0
[  231437ms] [ERROR] Failed to load resource: the server responded with a status of 404 (Not Found) @ http://localhost:6010/_next/static/chunks/app-pages-internals.js:0
[  231537ms] [ERROR] Failed to load resource: the server responded with a status of 404 (Not Found) @ http://localhost:6010/_next/static/chunks/main-app.js?v=1789997390292:0
[  231538ms] [ERROR] Failed to load resource: the server responded with a status of 404 (Not Found) @ http://localhost:6010/_next/static/chunks/app-pages-internals.js:0
[  231660ms] [ERROR] Failed to load resource: the server responded with a status of 404 (Not Found) @ http://localhost:6010/_next/static/chunks/main-app.js?v=1789997390406:0
[  231660ms] [ERROR] Failed to load resource: the server responded with a status of 404 (Not Found) @ http://localhost:6010/_next/static/chunks/app-pages-internals.js:0
[  231755ms] [ERROR] Failed to load resource: the server responded with a status of 404 (Not Found) @ http://localhost:6010/_next/static/chunks/main-app.js?v=1789997390521:0
[  231756ms] [ERROR] Failed to load resource: the server responded with a status of 404 (Not Found) @ http://localhost:6010/_next/static/chunks/app-pages-internals.js:0
[  231845ms] [ERROR] Failed to load resource: the server responded with a status of 404 (Not Found) @ http://localhost:6010/_next/static/chunks/main-app.js?v=1789997390597:0
[  231846ms] [ERROR] Failed to load resource: the server responded with a status of 404 (Not Found) @ http://localhost:6010/_next/static/chunks/app-pages-internals.js:0
[  231913ms] [ERROR] Failed to load resource: the server responded with a status of 404 (Not Found) @ http://localhost:6010/_next/static/chunks/main-app.js?v=1789997390687:0
[  231915ms] [ERROR] Failed to load resource: the server responded with a status of 404 (Not Found) @ http://localhost:6010/_next/static/chunks/app-pages-internals.js:0
[  231973ms] [ERROR] Failed to load resource: the server responded with a status of 404 (Not Found) @ http://localhost:6010/_next/static/chunks/main-app.js?v=1789997390753:0
[  231976ms] [ERROR] Failed to load resource: the server responded with a status of 404 (Not Found) @ http://localhost:6010/_next/static/chunks/app-pages-internals.js:0
[  232066ms] [ERROR] Failed to load resource: the server responded with a status of 404 (Not Found) @ http://localhost:6010/_next/static/chunks/main-app.js?v=1789997390817:0
[  232066ms] [ERROR] Failed to load resource: the server responded with a status of 404 (Not Found) @ http://localhost:6010/_next/static/chunks/app-pages-internals.js:0
[  232196ms] [ERROR] Failed to load resource: the server responded with a status of 404 (Not Found) @ http://localhost:6010/_next/static/chunks/main-app.js?v=1789997390943:0
[  232196ms] [ERROR] Failed to load resource: the server responded with a status of 404 (Not Found) @ http://localhost:6010/_next/static/chunks/app-pages-internals.js:0
[  232273ms] [ERROR] Failed to load resource: the server responded with a status of 404 (Not Found) @ http://localhost:6010/_next/static/chunks/main-app.js?v=1789997391042:0
[  232273ms] [ERROR] Failed to load resource: the server responded with a status of 404 (Not Found) @ http://localhost:6010/_next/static/chunks/app-pages-internals.js:0
[  232390ms] [ERROR] Failed to load resource: the server responded with a status of 404 (Not Found) @ http://localhost:6010/_next/static/chunks/app-pages-internals.js:0
[  232404ms] [ERROR] Failed to load resource: the server responded with a status of 404 (Not Found) @ http://localhost:6010/_next/static/chunks/main-app.js?v=1789997391112:0
[  232547ms] [ERROR] Failed to load resource: the server responded with a status of 404 (Not Found) @ http://localhost:6010/_next/static/chunks/main-app.js?v=1789997391284:0
[  232547ms] [ERROR] Failed to load resource: the server responded with a status of 404 (Not Found) @ http://localhost:6010/_next/static/chunks/app-pages-internals.js:0
[  232638ms] [ERROR] Failed to load resource: the server responded with a status of 404 (Not Found) @ http://localhost:6010/_next/static/chunks/main-app.js?v=1789997391395:0
[  232638ms] [ERROR] Failed to load resource: the server responded with a status of 404 (Not Found) @ http://localhost:6010/_next/static/chunks/app-pages-internals.js:0
[  232711ms] [ERROR] Failed to load resource: the server responded with a status of 404 (Not Found) @ http://localhost:6010/_next/static/chunks/main-app.js?v=1789997391488:0
[  232714ms] [ERROR] Failed to load resource: the server responded with a status of 404 (Not Found) @ http://localhost:6010/_next/static/chunks/app-pages-internals.js:0
[  232787ms] [ERROR] Failed to load resource: the server responded with a status of 404 (Not Found) @ http://localhost:6010/_next/static/chunks/main-app.js?v=1789997391561:0
[  232787ms] [ERROR] Failed to load resource: the server responded with a status of 404 (Not Found) @ http://localhost:6010/_next/static/chunks/app-pages-internals.js:0
[  232882ms] [ERROR] Failed to load resource: the server responded with a status of 404 (Not Found) @ http://localhost:6010/_next/static/chunks/main-app.js?v=1789997391645:0
[  232883ms] [ERROR] Failed to load resource: the server responded with a status of 404 (Not Found) @ http://localhost:6010/_next/static/chunks/app-pages-internals.js:0
[  232976ms] [ERROR] Failed to load resource: the server responded with a status of 404 (Not Found) @ http://localhost:6010/_next/static/chunks/main-app.js?v=1789997391742:0
[  232976ms] [ERROR] Failed to load resource: the server responded with a status of 404 (Not Found) @ http://localhost:6010/_next/static/chunks/app-pages-internals.js:0
[  233062ms] [ERROR] Failed to load resource: the server responded with a status of 404 (Not Found) @ http://localhost:6010/_next/static/chunks/main-app.js?v=1789997391834:0
[  233063ms] [ERROR] Failed to load resource: the server responded with a status of 404 (Not Found) @ http://localhost:6010/_next/static/chunks/app-pages-internals.js:0
[  233126ms] [ERROR] Failed to load resource: the server responded with a status of 404 (Not Found) @ http://localhost:6010/_next/static/chunks/main-app.js?v=1789997391908:0
[  233128ms] [ERROR] Failed to load resource: the server responded with a status of 404 (Not Found) @ http://localhost:6010/_next/static/chunks/app-pages-internals.js:0
[  233198ms] [ERROR] Failed to load resource: the server responded with a status of 404 (Not Found) @ http://localhost:6010/_next/static/chunks/main-app.js?v=1789997391971:0
[  233199ms] [ERROR] Failed to load resource: the server responded with a status of 404 (Not Found) @ http://localhost:6010/_next/static/chunks/app-pages-internals.js:0
[  233268ms] [ERROR] Failed to load resource: the server responded with a status of 404 (Not Found) @ http://localhost:6010/_next/static/chunks/main-app.js?v=1789997392043:0
[  233272ms] [ERROR] Failed to load resource: the server responded with a status of 404 (Not Found) @ http://localhost:6010/_next/static/chunks/app-pages-internals.js:0
[  233355ms] [ERROR] Failed to load resource: the server responded with a status of 404 (Not Found) @ http://localhost:6010/_next/static/chunks/main-app.js?v=1789997392120:0
[  233355ms] [ERROR] Failed to load resource: the server responded with a status of 404 (Not Found) @ http://localhost:6010/_next/static/chunks/app-pages-internals.js:0
[  233465ms] [ERROR] Failed to load resource: the server responded with a status of 404 (Not Found) @ http://localhost:6010/_next/static/chunks/main-app.js?v=1789997392206:0
[  233465ms] [ERROR] Failed to load resource: the server responded with a status of 404 (Not Found) @ http://localhost:6010/_next/static/chunks/app-pages-internals.js:0
[  233553ms] [ERROR] Failed to load resource: the server responded with a status of 404 (Not Found) @ http://localhost:6010/_next/static/chunks/main-app.js?v=1789997392317:0
[  233553ms] [ERROR] Failed to load resource: the server responded with a status of 404 (Not Found) @ http://localhost:6010/_next/static/chunks/app-pages-internals.js:0
[  233649ms] [ERROR] Failed to load resource: the server responded with a status of 404 (Not Found) @ http://localhost:6010/_next/static/chunks/main-app.js?v=1789997392389:0
[  233649ms] [ERROR] Failed to load resource: the server responded with a status of 404 (Not Found) @ http://localhost:6010/_next/static/chunks/app-pages-internals.js:0
[  233798ms] [ERROR] Failed to load resource: the server responded with a status of 404 (Not Found) @ http://localhost:6010/_next/static/chunks/main-app.js?v=1789997392511:0
[  233800ms] [ERROR] Failed to load resource: the server responded with a status of 404 (Not Found) @ http://localhost:6010/_next/static/chunks/app-pages-internals.js:0
[  233896ms] [ERROR] Failed to load resource: the server responded with a status of 404 (Not Found) @ http://localhost:6010/_next/static/chunks/main-app.js?v=1789997392656:0
[  233897ms] [ERROR] Failed to load resource: the server responded with a status of 404 (Not Found) @ http://localhost:6010/_next/static/chunks/app-pages-internals.js:0
[  233987ms] [ERROR] Failed to load resource: the server responded with a status of 404 (Not Found) @ http://localhost:6010/_next/static/chunks/main-app.js?v=1789997392755:0
[  233987ms] [ERROR] Failed to load resource: the server responded with a status of 404 (Not Found) @ http://localhost:6010/_next/static/chunks/app-pages-internals.js:0
[  234070ms] [ERROR] Failed to load resource: the server responded with a status of 404 (Not Found) @ http://localhost:6010/_next/static/chunks/main-app.js?v=1789997392838:0
[  234070ms] [ERROR] Failed to load resource: the server responded with a status of 404 (Not Found) @ http://localhost:6010/_next/static/chunks/app-pages-internals.js:0
[  234617ms] [ERROR] Failed to load resource: the server responded with a status of 404 (Not Found) @ http://localhost:6010/_next/static/chunks/main-app.js?v=1789997393020:0
[  234617ms] [ERROR] Failed to load resource: the server responded with a status of 404 (Not Found) @ http://localhost:6010/_next/static/chunks/app-pages-internals.js:0
[  234710ms] [ERROR] Failed to load resource: the server responded with a status of 404 (Not Found) @ http://localhost:6010/_next/static/chunks/main-app.js?v=1789997393476:0
[  234710ms] [ERROR] Failed to load resource: the server responded with a status of 404 (Not Found) @ http://localhost:6010/_next/static/chunks/app-pages-internals.js:0
[  234808ms] [ERROR] Failed to load resource: the server responded with a status of 404 (Not Found) @ http://localhost:6010/_next/static/chunks/main-app.js?v=1789997393567:0
[  234808ms] [ERROR] Failed to load resource: the server responded with a status of 404 (Not Found) @ http://localhost:6010/_next/static/chunks/app-pages-internals.js:0
[  234886ms] [ERROR] Failed to load resource: the server responded with a status of 404 (Not Found) @ http://localhost:6010/_next/static/chunks/main-app.js?v=1789997393659:0
[  234889ms] [ERROR] Failed to load resource: the server responded with a status of 404 (Not Found) @ http://localhost:6010/_next/static/chunks/app-pages-internals.js:0
[  234958ms] [ERROR] Failed to load resource: the server responded with a status of 404 (Not Found) @ http://localhost:6010/_next/static/chunks/main-app.js?v=1789997393736:0
[  234958ms] [ERROR] Failed to load resource: the server responded with a status of 404 (Not Found) @ http://localhost:6010/_next/static/chunks/app-pages-internals.js:0
[  235028ms] [ERROR] Failed to load resource: the server responded with a status of 404 (Not Found) @ http://localhost:6010/_next/static/chunks/main-app.js?v=1789997393805:0
[  235028ms] [ERROR] Failed to load resource: the server responded with a status of 404 (Not Found) @ http://localhost:6010/_next/static/chunks/app-pages-internals.js:0
[  235109ms] [ERROR] Failed to load resource: the server responded with a status of 404 (Not Found) @ http://localhost:6010/_next/static/chunks/main-app.js?v=1789997393875:0
[  235109ms] [ERROR] Failed to load resource: the server responded with a status of 404 (Not Found) @ http://localhost:6010/_next/static/chunks/app-pages-internals.js:0
[  235210ms] [ERROR] Failed to load resource: the server responded with a status of 404 (Not Found) @ http://localhost:6010/_next/static/chunks/main-app.js?v=1789997393960:0
[  235210ms] [ERROR] Failed to load resource: the server responded with a status of 404 (Not Found) @ http://localhost:6010/_next/static/chunks/app-pages-internals.js:0
[  235350ms] [ERROR] Failed to load resource: the server responded with a status of 404 (Not Found) @ http://localhost:6010/_next/static/chunks/main-app.js?v=1789997394083:0
[  235351ms] [ERROR] Failed to load resource: the server responded with a status of 404 (Not Found) @ http://localhost:6010/_next/static/chunks/app-pages-internals.js:0
[  235530ms] [ERROR] Failed to load resource: the server responded with a status of 404 (Not Found) @ http://localhost:6010/_next/static/chunks/main-app.js?v=1789997394196:0
[  235530ms] [ERROR] Failed to load resource: the server responded with a status of 404 (Not Found) @ http://localhost:6010/_next/static/chunks/app-pages-internals.js:0
[  235695ms] [ERROR] Failed to load resource: the server responded with a status of 404 (Not Found) @ http://localhost:6010/_next/static/chunks/main-app.js?v=1789997394407:0
[  235696ms] [ERROR] Failed to load resource: the server responded with a status of 404 (Not Found) @ http://localhost:6010/_next/static/chunks/app-pages-internals.js:0
[  235813ms] [ERROR] Failed to load resource: the server responded with a status of 404 (Not Found) @ http://localhost:6010/_next/static/chunks/main-app.js?v=1789997394561:0
[  235814ms] [ERROR] Failed to load resource: the server responded with a status of 404 (Not Found) @ http://localhost:6010/_next/static/chunks/app-pages-internals.js:0
[  235903ms] [ERROR] Failed to load resource: the server responded with a status of 404 (Not Found) @ http://localhost:6010/_next/static/chunks/main-app.js?v=1789997394674:0
[  235904ms] [ERROR] Failed to load resource: the server responded with a status of 404 (Not Found) @ http://localhost:6010/_next/static/chunks/app-pages-internals.js:0
[  235995ms] [ERROR] Failed to load resource: the server responded with a status of 404 (Not Found) @ http://localhost:6010/_next/static/chunks/main-app.js?v=1789997394766:0
[  235996ms] [ERROR] Failed to load resource: the server responded with a status of 404 (Not Found) @ http://localhost:6010/_next/static/chunks/app-pages-internals.js:0
[  236086ms] [ERROR] Failed to load resource: the server responded with a status of 404 (Not Found) @ http://localhost:6010/_next/static/chunks/main-app.js?v=1789997394842:0
[  236087ms] [ERROR] Failed to load resource: the server responded with a status of 404 (Not Found) @ http://localhost:6010/_next/static/chunks/app-pages-internals.js:0
[  236195ms] [ERROR] Failed to load resource: the server responded with a status of 404 (Not Found) @ http://localhost:6010/_next/static/chunks/main-app.js?v=1789997394954:0
[  236196ms] [ERROR] Failed to load resource: the server responded with a status of 404 (Not Found) @ http://localhost:6010/_next/static/chunks/app-pages-internals.js:0
[  236301ms] [ERROR] Failed to load resource: the server responded with a status of 404 (Not Found) @ http://localhost:6010/_next/static/chunks/main-app.js?v=1789997395060:0
[  236301ms] [ERROR] Failed to load resource: the server responded with a status of 404 (Not Found) @ http://localhost:6010/_next/static/chunks/app-pages-internals.js:0
[  236379ms] [ERROR] Failed to load resource: the server responded with a status of 404 (Not Found) @ http://localhost:6010/_next/static/chunks/main-app.js?v=1789997395154:0
[  236380ms] [ERROR] Failed to load resource: the server responded with a status of 404 (Not Found) @ http://localhost:6010/_next/static/chunks/app-pages-internals.js:0
[  236459ms] [ERROR] Failed to load resource: the server responded with a status of 404 (Not Found) @ http://localhost:6010/_next/static/chunks/main-app.js?v=1789997395228:0
[  236460ms] [ERROR] Failed to load resource: the server responded with a status of 404 (Not Found) @ http://localhost:6010/_next/static/chunks/app-pages-internals.js:0
[  236529ms] [ERROR] Failed to load resource: the server responded with a status of 404 (Not Found) @ http://localhost:6010/_next/static/chunks/main-app.js?v=1789997395307:0
[  236529ms] [ERROR] Failed to load resource: the server responded with a status of 404 (Not Found) @ http://localhost:6010/_next/static/chunks/app-pages-internals.js:0
[  236598ms] [ERROR] Failed to load resource: the server responded with a status of 404 (Not Found) @ http://localhost:6010/_next/static/chunks/main-app.js?v=1789997395372:0
[  236600ms] [ERROR] Failed to load resource: the server responded with a status of 404 (Not Found) @ http://localhost:6010/_next/static/chunks/app-pages-internals.js:0
[  236732ms] [ERROR] Failed to load resource: the server responded with a status of 404 (Not Found) @ http://localhost:6010/_next/static/chunks/main-app.js?v=1789997395460:0
[  236732ms] [ERROR] Failed to load resource: the server responded with a status of 404 (Not Found) @ http://localhost:6010/_next/static/chunks/app-pages-internals.js:0
[  236829ms] [ERROR] Failed to load resource: the server responded with a status of 404 (Not Found) @ http://localhost:6010/_next/static/chunks/main-app.js?v=1789997395589:0
[  236830ms] [ERROR] Failed to load resource: the server responded with a status of 404 (Not Found) @ http://localhost:6010/_next/static/chunks/app-pages-internals.js:0
[  236946ms] [ERROR] Failed to load resource: the server responded with a status of 404 (Not Found) @ http://localhost:6010/_next/static/chunks/main-app.js?v=1789997395671:0
[  236946ms] [ERROR] Failed to load resource: the server responded with a status of 404 (Not Found) @ http://localhost:6010/_next/static/chunks/app-pages-internals.js:0
[  237105ms] [ERROR] Failed to load resource: the server responded with a status of 404 (Not Found) @ http://localhost:6010/_next/static/chunks/main-app.js?v=1789997395818:0
[  237105ms] [ERROR] Failed to load resource: the server responded with a status of 404 (Not Found) @ http://localhost:6010/_next/static/chunks/app-pages-internals.js:0
[  237233ms] [ERROR] Failed to load resource: the server responded with a status of 404 (Not Found) @ http://localhost:6010/_next/static/chunks/app-pages-internals.js:0
[  237233ms] [ERROR] Failed to load resource: the server responded with a status of 404 (Not Found) @ http://localhost:6010/_next/static/chunks/main-app.js?v=1789997395968:0
[  237314ms] [ERROR] Failed to load resource: the server responded with a status of 404 (Not Found) @ http://localhost:6010/_next/static/chunks/main-app.js?v=1789997396087:0
[  237314ms] [ERROR] Failed to load resource: the server responded with a status of 404 (Not Found) @ http://localhost:6010/_next/static/chunks/app-pages-internals.js:0
[  237391ms] [ERROR] Failed to load resource: the server responded with a status of 404 (Not Found) @ http://localhost:6010/_next/static/chunks/main-app.js?v=1789997396162:0
[  237391ms] [ERROR] Failed to load resource: the server responded with a status of 404 (Not Found) @ http://localhost:6010/_next/static/chunks/app-pages-internals.js:0
[  237501ms] [ERROR] Failed to load resource: the server responded with a status of 404 (Not Found) @ http://localhost:6010/_next/static/chunks/main-app.js?v=1789997396261:0
[  237502ms] [ERROR] Failed to load resource: the server responded with a status of 404 (Not Found) @ http://localhost:6010/_next/static/chunks/app-pages-internals.js:0
[  237622ms] [ERROR] Failed to load resource: the server responded with a status of 404 (Not Found) @ http://localhost:6010/_next/static/chunks/main-app.js?v=1789997396388:0
[  237622ms] [ERROR] Failed to load resource: the server responded with a status of 404 (Not Found) @ http://localhost:6010/_next/static/chunks/app-pages-internals.js:0
[  237725ms] [ERROR] Failed to load resource: the server responded with a status of 404 (Not Found) @ http://localhost:6010/_next/static/chunks/main-app.js?v=1789997396492:0
[  237725ms] [ERROR] Failed to load resource: the server responded with a status of 404 (Not Found) @ http://localhost:6010/_next/static/chunks/app-pages-internals.js:0
[  237793ms] [ERROR] Failed to load resource: the server responded with a status of 404 (Not Found) @ http://localhost:6010/_next/static/chunks/main-app.js?v=1789997396569:0
[  237798ms] [ERROR] Failed to load resource: the server responded with a status of 404 (Not Found) @ http://localhost:6010/_next/static/chunks/app-pages-internals.js:0
[  237869ms] [ERROR] Failed to load resource: the server responded with a status of 404 (Not Found) @ http://localhost:6010/_next/static/chunks/main-app.js?v=1789997396638:0
[  237870ms] [ERROR] Failed to load resource: the server responded with a status of 404 (Not Found) @ http://localhost:6010/_next/static/chunks/app-pages-internals.js:0
[  237932ms] [ERROR] Failed to load resource: the server responded with a status of 404 (Not Found) @ http://localhost:6010/_next/static/chunks/main-app.js?v=1789997396711:0
[  237933ms] [ERROR] Failed to load resource: the server responded with a status of 404 (Not Found) @ http://localhost:6010/_next/static/chunks/app-pages-internals.js:0
[  238001ms] [ERROR] Failed to load resource: the server responded with a status of 404 (Not Found) @ http://localhost:6010/_next/static/chunks/main-app.js?v=1789997396775:0
[  238001ms] [ERROR] Failed to load resource: the server responded with a status of 404 (Not Found) @ http://localhost:6010/_next/static/chunks/app-pages-internals.js:0
[  238097ms] [ERROR] Failed to load resource: the server responded with a status of 404 (Not Found) @ http://localhost:6010/_next/static/chunks/main-app.js?v=1789997396841:0
[  238097ms] [ERROR] Failed to load resource: the server responded with a status of 404 (Not Found) @ http://localhost:6010/_next/static/chunks/app-pages-internals.js:0
[  238174ms] [ERROR] Failed to load resource: the server responded with a status of 404 (Not Found) @ http://localhost:6010/_next/static/chunks/main-app.js?v=1789997396951:0
[  238174ms] [ERROR] Failed to load resource: the server responded with a status of 404 (Not Found) @ http://localhost:6010/_next/static/chunks/app-pages-internals.js:0
[  238286ms] [ERROR] Failed to load resource: the server responded with a status of 404 (Not Found) @ http://localhost:6010/_next/static/chunks/main-app.js?v=1789997397017:0
[  238287ms] [ERROR] Failed to load resource: the server responded with a status of 404 (Not Found) @ http://localhost:6010/_next/static/chunks/app-pages-internals.js:0
[  238425ms] [ERROR] Failed to load resource: the server responded with a status of 404 (Not Found) @ http://localhost:6010/_next/static/chunks/main-app.js?v=1789997397156:0
[  238425ms] [ERROR] Failed to load resource: the server responded with a status of 404 (Not Found) @ http://localhost:6010/_next/static/chunks/app-pages-internals.js:0
[  238531ms] [ERROR] Failed to load resource: the server responded with a status of 404 (Not Found) @ http://localhost:6010/_next/static/chunks/main-app.js?v=1789997397285:0
[  238532ms] [ERROR] Failed to load resource: the server responded with a status of 404 (Not Found) @ http://localhost:6010/_next/static/chunks/app-pages-internals.js:0
[  238604ms] [ERROR] Failed to load resource: the server responded with a status of 404 (Not Found) @ http://localhost:6010/_next/static/chunks/main-app.js?v=1789997397382:0
[  238605ms] [ERROR] Failed to load resource: the server responded with a status of 404 (Not Found) @ http://localhost:6010/_next/static/chunks/app-pages-internals.js:0
[  238680ms] [ERROR] Failed to load resource: the server responded with a status of 404 (Not Found) @ http://localhost:6010/_next/static/chunks/main-app.js?v=1789997397456:0
[  238681ms] [ERROR] Failed to load resource: the server responded with a status of 404 (Not Found) @ http://localhost:6010/_next/static/chunks/app-pages-internals.js:0
[  238776ms] [ERROR] Failed to load resource: the server responded with a status of 404 (Not Found) @ http://localhost:6010/_next/static/chunks/main-app.js?v=1789997397525:0
[  238776ms] [ERROR] Failed to load resource: the server responded with a status of 404 (Not Found) @ http://localhost:6010/_next/static/chunks/app-pages-internals.js:0
[  238869ms] [ERROR] Failed to load resource: the server responded with a status of 404 (Not Found) @ http://localhost:6010/_next/static/chunks/main-app.js?v=1789997397638:0
[  238869ms] [ERROR] Failed to load resource: the server responded with a status of 404 (Not Found) @ http://localhost:6010/_next/static/chunks/app-pages-internals.js:0
[  238965ms] [ERROR] Failed to load resource: the server responded with a status of 404 (Not Found) @ http://localhost:6010/_next/static/chunks/main-app.js?v=1789997397735:0
[  238967ms] [ERROR] Failed to load resource: the server responded with a status of 404 (Not Found) @ http://localhost:6010/_next/static/chunks/app-pages-internals.js:0
[  239038ms] [ERROR] Failed to load resource: the server responded with a status of 404 (Not Found) @ http://localhost:6010/_next/static/chunks/main-app.js?v=1789997397816:0
[  239039ms] [ERROR] Failed to load resource: the server responded with a status of 404 (Not Found) @ http://localhost:6010/_next/static/chunks/app-pages-internals.js:0
[  239106ms] [ERROR] Failed to load resource: the server responded with a status of 404 (Not Found) @ http://localhost:6010/_next/static/chunks/main-app.js?v=1789997397885:0
[  239106ms] [ERROR] Failed to load resource: the server responded with a status of 404 (Not Found) @ http://localhost:6010/_next/static/chunks/app-pages-internals.js:0
[  239173ms] [ERROR] Failed to load resource: the server responded with a status of 404 (Not Found) @ http://localhost:6010/_next/static/chunks/main-app.js?v=1789997397951:0
[  239173ms] [ERROR] Failed to load resource: the server responded with a status of 404 (Not Found) @ http://localhost:6010/_next/static/chunks/app-pages-internals.js:0
[  239242ms] [ERROR] Failed to load resource: the server responded with a status of 404 (Not Found) @ http://localhost:6010/_next/static/chunks/main-app.js?v=1789997398018:0
[  239242ms] [ERROR] Failed to load resource: the server responded with a status of 404 (Not Found) @ http://localhost:6010/_next/static/chunks/app-pages-internals.js:0
[  239394ms] [ERROR] Failed to load resource: the server responded with a status of 404 (Not Found) @ http://localhost:6010/_next/static/chunks/main-app.js?v=1789997398111:0
[  239394ms] [ERROR] Failed to load resource: the server responded with a status of 404 (Not Found) @ http://localhost:6010/_next/static/chunks/app-pages-internals.js:0
[  239505ms] [ERROR] Failed to load resource: the server responded with a status of 404 (Not Found) @ http://localhost:6010/_next/static/chunks/main-app.js?v=1789997398275:0
[  239508ms] [ERROR] Failed to load resource: the server responded with a status of 404 (Not Found) @ http://localhost:6010/_next/static/chunks/app-pages-internals.js:0
[  239631ms] [ERROR] Failed to load resource: the server responded with a status of 404 (Not Found) @ http://localhost:6010/_next/static/chunks/main-app.js?v=1789997398364:0
[  239632ms] [ERROR] Failed to load resource: the server responded with a status of 404 (Not Found) @ http://localhost:6010/_next/static/chunks/app-pages-internals.js:0
[  239785ms] [ERROR] Failed to load resource: the server responded with a status of 404 (Not Found) @ http://localhost:6010/_next/static/chunks/main-app.js?v=1789997398517:0
[  239786ms] [ERROR] Failed to load resource: the server responded with a status of 404 (Not Found) @ http://localhost:6010/_next/static/chunks/app-pages-internals.js:0
[  239925ms] [ERROR] Failed to load resource: the server responded with a status of 404 (Not Found) @ http://localhost:6010/_next/static/chunks/main-app.js?v=1789997398684:0
[  239925ms] [ERROR] Failed to load resource: the server responded with a status of 404 (Not Found) @ http://localhost:6010/_next/static/chunks/app-pages-internals.js:0
[  240009ms] [ERROR] Failed to load resource: the server responded with a status of 404 (Not Found) @ http://localhost:6010/_next/static/chunks/main-app.js?v=1789997398777:0
[  240009ms] [ERROR] Failed to load resource: the server responded with a status of 404 (Not Found) @ http://localhost:6010/_next/static/chunks/app-pages-internals.js:0
[  240120ms] [ERROR] Failed to load resource: the server responded with a status of 404 (Not Found) @ http://localhost:6010/_next/static/chunks/main-app.js?v=1789997398882:0
[  240123ms] [ERROR] Failed to load resource: the server responded with a status of 404 (Not Found) @ http://localhost:6010/_next/static/chunks/app-pages-internals.js:0
[  240764ms] [ERROR] Failed to load resource: the server responded with a status of 404 (Not Found) @ http://localhost:6010/_next/static/chunks/main-app.js?v=1789997399324:0
[  240764ms] [ERROR] Failed to load resource: the server responded with a status of 404 (Not Found) @ http://localhost:6010/_next/static/chunks/app-pages-internals.js:0
[  240853ms] [ERROR] Failed to load resource: the server responded with a status of 404 (Not Found) @ http://localhost:6010/_next/static/chunks/main-app.js?v=1789997399622:0
[  240853ms] [ERROR] Failed to load resource: the server responded with a status of 404 (Not Found) @ http://localhost:6010/_next/static/chunks/app-pages-internals.js:0
[  240931ms] [ERROR] Failed to load resource: the server responded with a status of 404 (Not Found) @ http://localhost:6010/_next/static/chunks/main-app.js?v=1789997399702:0
[  240932ms] [ERROR] Failed to load resource: the server responded with a status of 404 (Not Found) @ http://localhost:6010/_next/static/chunks/app-pages-internals.js:0
[  241029ms] [ERROR] Failed to load resource: the server responded with a status of 404 (Not Found) @ http://localhost:6010/_next/static/chunks/main-app.js?v=1789997399797:0
[  241031ms] [ERROR] Failed to load resource: the server responded with a status of 404 (Not Found) @ http://localhost:6010/_next/static/chunks/app-pages-internals.js:0
[  241100ms] [ERROR] Failed to load resource: the server responded with a status of 404 (Not Found) @ http://localhost:6010/_next/static/chunks/main-app.js?v=1789997399879:0
[  241103ms] [ERROR] Failed to load resource: the server responded with a status of 404 (Not Found) @ http://localhost:6010/_next/static/chunks/app-pages-internals.js:0
[  241201ms] [ERROR] Failed to load resource: the server responded with a status of 404 (Not Found) @ http://localhost:6010/_next/static/chunks/main-app.js?v=1789997399954:0
[  241203ms] [ERROR] Failed to load resource: the server responded with a status of 404 (Not Found) @ http://localhost:6010/_next/static/chunks/app-pages-internals.js:0
[  241304ms] [ERROR] Failed to load resource: the server responded with a status of 404 (Not Found) @ http://localhost:6010/_next/static/chunks/main-app.js?v=1789997400066:0
[  241305ms] [ERROR] Failed to load resource: the server responded with a status of 404 (Not Found) @ http://localhost:6010/_next/static/chunks/app-pages-internals.js:0
[  247278ms] [ERROR] Failed to load resource: the server responded with a status of 404 (Not Found) @ http://localhost:6010/_next/static/chunks/main-app.js?v=1789997405971:0
[  247280ms] [ERROR] Failed to load resource: the server responded with a status of 404 (Not Found) @ http://localhost:6010/_next/static/chunks/app-pages-internals.js:0
[  264366ms] [ERROR] Failed to load resource: the server responded with a status of 404 (Not Found) @ http://localhost:6010/_next/static/chunks/main-app.js?v=1789997423022:0
[  264366ms] [ERROR] Failed to load resource: the server responded with a status of 404 (Not Found) @ http://localhost:6010/_next/static/chunks/app-pages-internals.js:0
[  287509ms] [ERROR] Failed to load resource: the server responded with a status of 404 (Not Found) @ http://localhost:6010/_next/static/chunks/main-app.js?v=1789997446180:0
[  287510ms] [ERROR] Failed to load resource: the server responded with a status of 404 (Not Found) @ http://localhost:6010/_next/static/chunks/app-pages-internals.js:0
[  287603ms] [ERROR] Failed to load resource: the server responded with a status of 404 (Not Found) @ http://localhost:6010/_next/static/chunks/main-app.js?v=1789997446376:0
[  287603ms] [ERROR] Failed to load resource: the server responded with a status of 404 (Not Found) @ http://localhost:6010/_next/static/chunks/app-pages-internals.js:0
[  287728ms] [ERROR] Failed to load resource: the server responded with a status of 404 (Not Found) @ http://localhost:6010/_next/static/chunks/main-app.js?v=1789997446464:0
[  287730ms] [ERROR] Failed to load resource: the server responded with a status of 404 (Not Found) @ http://localhost:6010/_next/static/chunks/app-pages-internals.js:0
[  287849ms] [ERROR] Failed to load resource: the server responded with a status of 404 (Not Found) @ http://localhost:6010/_next/static/chunks/main-app.js?v=1789997446588:0
[  287849ms] [ERROR] Failed to load resource: the server responded with a status of 404 (Not Found) @ http://localhost:6010/_next/static/chunks/app-pages-internals.js:0
[  287996ms] [ERROR] Failed to load resource: the server responded with a status of 404 (Not Found) @ http://localhost:6010/_next/static/chunks/main-app.js?v=1789997446716:0
[  287996ms] [ERROR] Failed to load resource: the server responded with a status of 404 (Not Found) @ http://localhost:6010/_next/static/chunks/app-pages-internals.js:0
[  288196ms] [ERROR] Failed to load resource: the server responded with a status of 404 (Not Found) @ http://localhost:6010/_next/static/chunks/main-app.js?v=1789997446966:0
[  288196ms] [ERROR] Failed to load resource: the server responded with a status of 404 (Not Found) @ http://localhost:6010/_next/static/chunks/app-pages-internals.js:0
[  288276ms] [ERROR] Failed to load resource: the server responded with a status of 404 (Not Found) @ http://localhost:6010/_next/static/chunks/main-app.js?v=1789997447055:0
[  288276ms] [ERROR] Failed to load resource: the server responded with a status of 404 (Not Found) @ http://localhost:6010/_next/static/chunks/app-pages-internals.js:0
[  288354ms] [ERROR] Failed to load resource: the server responded with a status of 404 (Not Found) @ http://localhost:6010/_next/static/chunks/main-app.js?v=1789997447128:0
[  288354ms] [ERROR] Failed to load resource: the server responded with a status of 404 (Not Found) @ http://localhost:6010/_next/static/chunks/app-pages-internals.js:0
[  288438ms] [ERROR] Failed to load resource: the server responded with a status of 404 (Not Found) @ http://localhost:6010/_next/static/chunks/main-app.js?v=1789997447204:0
[  288438ms] [ERROR] Failed to load resource: the server responded with a status of 404 (Not Found) @ http://localhost:6010/_next/static/chunks/app-pages-internals.js:0
[  288532ms] [ERROR] Failed to load resource: the server responded with a status of 404 (Not Found) @ http://localhost:6010/_next/static/chunks/main-app.js?v=1789997447299:0
[  288532ms] [ERROR] Failed to load resource: the server responded with a status of 404 (Not Found) @ http://localhost:6010/_next/static/chunks/app-pages-internals.js:0
[  288675ms] [ERROR] Failed to load resource: the server responded with a status of 404 (Not Found) @ http://localhost:6010/_next/static/chunks/main-app.js?v=1789997447451:0
[  288675ms] [ERROR] Failed to load resource: the server responded with a status of 404 (Not Found) @ http://localhost:6010/_next/static/chunks/app-pages-internals.js:0
[  288757ms] [ERROR] Failed to load resource: the server responded with a status of 404 (Not Found) @ http://localhost:6010/_next/static/chunks/main-app.js?v=1789997447529:0
[  288757ms] [ERROR] Failed to load resource: the server responded with a status of 404 (Not Found) @ http://localhost:6010/_next/static/chunks/app-pages-internals.js:0
[  288824ms] [ERROR] Failed to load resource: the server responded with a status of 404 (Not Found) @ http://localhost:6010/_next/static/chunks/main-app.js?v=1789997447607:0
[  288827ms] [ERROR] Failed to load resource: the server responded with a status of 404 (Not Found) @ http://localhost:6010/_next/static/chunks/app-pages-internals.js:0
[  288898ms] [ERROR] Failed to load resource: the server responded with a status of 404 (Not Found) @ http://localhost:6010/_next/static/chunks/main-app.js?v=1789997447682:0
[  288899ms] [ERROR] Failed to load resource: the server responded with a status of 404 (Not Found) @ http://localhost:6010/_next/static/chunks/app-pages-internals.js:0
[  288978ms] [ERROR] Failed to load resource: the server responded with a status of 404 (Not Found) @ http://localhost:6010/_next/static/chunks/main-app.js?v=1789997447756:0
[  288979ms] [ERROR] Failed to load resource: the server responded with a status of 404 (Not Found) @ http://localhost:6010/_next/static/chunks/app-pages-internals.js:0
[  289054ms] [ERROR] Failed to load resource: the server responded with a status of 404 (Not Found) @ http://localhost:6010/_next/static/chunks/main-app.js?v=1789997447833:0
[  289054ms] [ERROR] Failed to load resource: the server responded with a status of 404 (Not Found) @ http://localhost:6010/_next/static/chunks/app-pages-internals.js:0
[  289413ms] [ERROR] Failed to load resource: the server responded with a status of 404 (Not Found) @ http://localhost:6010/no-such-page:0
[  289423ms] [ERROR] Failed to load resource: the server responded with a status of 404 (Not Found) @ http://localhost:6010/_next/static/chunks/main-app.js?v=1789997448150:0
[  289424ms] [ERROR] Failed to load resource: the server responded with a status of 404 (Not Found) @ http://localhost:6010/_next/static/chunks/app-pages-internals.js:0
[  289515ms] [ERROR] Failed to load resource: the server responded with a status of 404 (Not Found) @ http://localhost:6010/_next/static/chunks/main-app.js?v=1789997448263:0
[  289515ms] [ERROR] Failed to load resource: the server responded with a status of 404 (Not Found) @ http://localhost:6010/_next/static/chunks/app-pages-internals.js:0
[  289595ms] [ERROR] Failed to load resource: the server responded with a status of 404 (Not Found) @ http://localhost:6010/_next/static/chunks/main-app.js?v=1789997448367:0
[  289596ms] [ERROR] Failed to load resource: the server responded with a status of 404 (Not Found) @ http://localhost:6010/_next/static/chunks/app-pages-internals.js:0
[  289696ms] [ERROR] Failed to load resource: the server responded with a status of 404 (Not Found) @ http://localhost:6010/_next/static/chunks/main-app.js?v=1789997448437:0
[  289698ms] [ERROR] Failed to load resource: the server responded with a status of 404 (Not Found) @ http://localhost:6010/_next/static/chunks/app-pages-internals.js:0
[  289836ms] [ERROR] Failed to load resource: the server responded with a status of 404 (Not Found) @ http://localhost:6010/_next/static/chunks/main-app.js?v=1789997448560:0
[  289836ms] [ERROR] Failed to load resource: the server responded with a status of 404 (Not Found) @ http://localhost:6010/_next/static/chunks/app-pages-internals.js:0
[  289943ms] [ERROR] Failed to load resource: the server responded with a status of 404 (Not Found) @ http://localhost:6010/_next/static/chunks/main-app.js?v=1789997448690:0
[  289943ms] [ERROR] Failed to load resource: the server responded with a status of 404 (Not Found) @ http://localhost:6010/_next/static/chunks/app-pages-internals.js:0
[  290030ms] [ERROR] Failed to load resource: the server responded with a status of 404 (Not Found) @ http://localhost:6010/_next/static/chunks/main-app.js?v=1789997448795:0
[  290031ms] [ERROR] Failed to load resource: the server responded with a status of 404 (Not Found) @ http://localhost:6010/_next/static/chunks/app-pages-internals.js:0
[  290128ms] [ERROR] Failed to load resource: the server responded with a status of 404 (Not Found) @ http://localhost:6010/_next/static/chunks/main-app.js?v=1789997448908:0
[  290128ms] [ERROR] Failed to load resource: the server responded with a status of 404 (Not Found) @ http://localhost:6010/_next/static/chunks/app-pages-internals.js:0
[  290205ms] [ERROR] Failed to load resource: the server responded with a status of 404 (Not Found) @ http://localhost:6010/_next/static/chunks/main-app.js?v=1789997448975:0
[  290205ms] [ERROR] Failed to load resource: the server responded with a status of 404 (Not Found) @ http://localhost:6010/_next/static/chunks/app-pages-internals.js:0
[  290283ms] [ERROR] Failed to load resource: the server responded with a status of 404 (Not Found) @ http://localhost:6010/_next/static/chunks/main-app.js?v=1789997449052:0
[  290284ms] [ERROR] Failed to load resource: the server responded with a status of 404 (Not Found) @ http://localhost:6010/_next/static/chunks/app-pages-internals.js:0
[  290389ms] [ERROR] Failed to load resource: the server responded with a status of 404 (Not Found) @ http://localhost:6010/_next/static/chunks/main-app.js?v=1789997449152:0
[  290390ms] [ERROR] Failed to load resource: the server responded with a status of 404 (Not Found) @ http://localhost:6010/_next/static/chunks/app-pages-internals.js:0
[  290490ms] [ERROR] Failed to load resource: the server responded with a status of 404 (Not Found) @ http://localhost:6010/_next/static/chunks/main-app.js?v=1789997449265:0
[  290490ms] [ERROR] Failed to load resource: the server responded with a status of 404 (Not Found) @ http://localhost:6010/_next/static/chunks/app-pages-internals.js:0
[  290560ms] [ERROR] Failed to load resource: the server responded with a status of 404 (Not Found) @ http://localhost:6010/_next/static/chunks/main-app.js?v=1789997449336:0
[  290560ms] [ERROR] Failed to load resource: the server responded with a status of 404 (Not Found) @ http://localhost:6010/_next/static/chunks/app-pages-internals.js:0
[  290633ms] [ERROR] Failed to load resource: the server responded with a status of 404 (Not Found) @ http://localhost:6010/_next/static/chunks/main-app.js?v=1789997449409:0
[  290634ms] [ERROR] Failed to load resource: the server responded with a status of 404 (Not Found) @ http://localhost:6010/_next/static/chunks/app-pages-internals.js:0
[  290690ms] [ERROR] Failed to load resource: the server responded with a status of 404 (Not Found) @ http://localhost:6010/_next/static/chunks/main-app.js?v=1789997449473:0
[  290693ms] [ERROR] Failed to load resource: the server responded with a status of 404 (Not Found) @ http://localhost:6010/_next/static/chunks/app-pages-internals.js:0
[  290756ms] [ERROR] Failed to load resource: the server responded with a status of 404 (Not Found) @ http://localhost:6010/_next/static/chunks/main-app.js?v=1789997449536:0
[  290758ms] [ERROR] Failed to load resource: the server responded with a status of 404 (Not Found) @ http://localhost:6010/_next/static/chunks/app-pages-internals.js:0
[  290830ms] [ERROR] Failed to load resource: the server responded with a status of 404 (Not Found) @ http://localhost:6010/_next/static/chunks/main-app.js?v=1789997449600:0
[  290830ms] [ERROR] Failed to load resource: the server responded with a status of 404 (Not Found) @ http://localhost:6010/_next/static/chunks/app-pages-internals.js:0
[  290871ms] [ERROR] Failed to load resource: the server responded with a status of 404 (Not Found) @ http://localhost:6010/no-such-page:0
[  290879ms] [ERROR] Failed to load resource: the server responded with a status of 404 (Not Found) @ http://localhost:6010/_next/static/chunks/main-app.js?v=1789997449668:0
[  290881ms] [ERROR] Failed to load resource: the server responded with a status of 404 (Not Found) @ http://localhost:6010/_next/static/chunks/app-pages-internals.js:0
[  290948ms] [ERROR] Failed to load resource: the server responded with a status of 404 (Not Found) @ http://localhost:6010/_next/static/chunks/main-app.js?v=1789997449711:0
[  290948ms] [ERROR] Failed to load resource: the server responded with a status of 404 (Not Found) @ http://localhost:6010/_next/static/chunks/app-pages-internals.js:0
[  291024ms] [ERROR] Failed to load resource: the server responded with a status of 404 (Not Found) @ http://localhost:6010/_next/static/chunks/main-app.js?v=1789997449806:0
[  291024ms] [ERROR] Failed to load resource: the server responded with a status of 404 (Not Found) @ http://localhost:6010/_next/static/chunks/app-pages-internals.js:0
[  291112ms] [ERROR] Failed to load resource: the server responded with a status of 404 (Not Found) @ http://localhost:6010/_next/static/chunks/main-app.js?v=1789997449864:0
[  291113ms] [ERROR] Failed to load resource: the server responded with a status of 404 (Not Found) @ http://localhost:6010/_next/static/chunks/app-pages-internals.js:0
[  291232ms] [ERROR] Failed to load resource: the server responded with a status of 404 (Not Found) @ http://localhost:6010/_next/static/chunks/main-app.js?v=1789997449974:0
[  291232ms] [ERROR] Failed to load resource: the server responded with a status of 404 (Not Found) @ http://localhost:6010/_next/static/chunks/app-pages-internals.js:0
[  291347ms] [ERROR] Failed to load resource: the server responded with a status of 404 (Not Found) @ http://localhost:6010/_next/static/chunks/main-app.js?v=1789997450087:0
[  291347ms] [ERROR] Failed to load resource: the server responded with a status of 404 (Not Found) @ http://localhost:6010/_next/static/chunks/app-pages-internals.js:0
[  291429ms] [ERROR] Failed to load resource: the server responded with a status of 404 (Not Found) @ http://localhost:6010/_next/static/chunks/main-app.js?v=1789997450201:0
[  291430ms] [ERROR] Failed to load resource: the server responded with a status of 404 (Not Found) @ http://localhost:6010/_next/static/chunks/app-pages-internals.js:0
[  291500ms] [ERROR] Failed to load resource: the server responded with a status of 404 (Not Found) @ http://localhost:6010/_next/static/chunks/main-app.js?v=1789997450279:0
[  291500ms] [ERROR] Failed to load resource: the server responded with a status of 404 (Not Found) @ http://localhost:6010/_next/static/chunks/app-pages-internals.js:0
[  291570ms] [ERROR] Failed to load resource: the server responded with a status of 404 (Not Found) @ http://localhost:6010/_next/static/chunks/main-app.js?v=1789997450345:0
[  291570ms] [ERROR] Failed to load resource: the server responded with a status of 404 (Not Found) @ http://localhost:6010/_next/static/chunks/app-pages-internals.js:0
[  291652ms] [ERROR] Failed to load resource: the server responded with a status of 404 (Not Found) @ http://localhost:6010/_next/static/chunks/main-app.js?v=1789997450417:0
[  291652ms] [ERROR] Failed to load resource: the server responded with a status of 404 (Not Found) @ http://localhost:6010/_next/static/chunks/app-pages-internals.js:0
[  291750ms] [ERROR] Failed to load resource: the server responded with a status of 404 (Not Found) @ http://localhost:6010/_next/static/chunks/main-app.js?v=1789997450508:0
[  291751ms] [ERROR] Failed to load resource: the server responded with a status of 404 (Not Found) @ http://localhost:6010/_next/static/chunks/app-pages-internals.js:0
[  291836ms] [ERROR] Failed to load resource: the server responded with a status of 404 (Not Found) @ http://localhost:6010/_next/static/chunks/main-app.js?v=1789997450609:0
[  291836ms] [ERROR] Failed to load resource: the server responded with a status of 404 (Not Found) @ http://localhost:6010/_next/static/chunks/app-pages-internals.js:0
[  291909ms] [ERROR] Failed to load resource: the server responded with a status of 404 (Not Found) @ http://localhost:6010/_next/static/chunks/main-app.js?v=1789997450682:0
[  291909ms] [ERROR] Failed to load resource: the server responded with a status of 404 (Not Found) @ http://localhost:6010/_next/static/chunks/app-pages-internals.js:0
[  291993ms] [ERROR] Failed to load resource: the server responded with a status of 404 (Not Found) @ http://localhost:6010/_next/static/chunks/main-app.js?v=1789997450752:0
[  291994ms] [ERROR] Failed to load resource: the server responded with a status of 404 (Not Found) @ http://localhost:6010/_next/static/chunks/app-pages-internals.js:0
[  292045ms] [ERROR] Failed to load resource: the server responded with a status of 404 (Not Found) @ http://localhost:6010/_next/static/chunks/main-app.js?v=1789997450828:0
[  292046ms] [ERROR] Failed to load resource: the server responded with a status of 404 (Not Found) @ http://localhost:6010/_next/static/chunks/app-pages-internals.js:0
[  292114ms] [ERROR] Failed to load resource: the server responded with a status of 404 (Not Found) @ http://localhost:6010/_next/static/chunks/main-app.js?v=1789997450888:0
[  292114ms] [ERROR] Failed to load resource: the server responded with a status of 404 (Not Found) @ http://localhost:6010/_next/static/chunks/app-pages-internals.js:0
[  292230ms] [ERROR] Failed to load resource: the server responded with a status of 404 (Not Found) @ http://localhost:6010/_next/static/chunks/main-app.js?v=1789997450975:0
[  292232ms] [ERROR] Failed to load resource: the server responded with a status of 404 (Not Found) @ http://localhost:6010/_next/static/chunks/app-pages-internals.js:0
[  292302ms] [ERROR] Failed to load resource: the server responded with a status of 404 (Not Found) @ http://localhost:6010/no-such-page:0
[  292318ms] [ERROR] Failed to load resource: the server responded with a status of 404 (Not Found) @ http://localhost:6010/_next/static/chunks/main-app.js?v=1789997451085:0
[  292320ms] [ERROR] Failed to load resource: the server responded with a status of 404 (Not Found) @ http://localhost:6010/_next/static/chunks/app-pages-internals.js:0
[  292590ms] [ERROR] Failed to load resource: the server responded with a status of 404 (Not Found) @ http://localhost:6010/_next/static/chunks/main-app.js?v=1789997451174:0
[  292598ms] [ERROR] Failed to load resource: the server responded with a status of 404 (Not Found) @ http://localhost:6010/_next/static/chunks/app-pages-internals.js:0
[  292720ms] [ERROR] Failed to load resource: the server responded with a status of 404 (Not Found) @ http://localhost:6010/_next/static/chunks/main-app.js?v=1789997451498:0
[  292720ms] [ERROR] Failed to load resource: the server responded with a status of 404 (Not Found) @ http://localhost:6010/_next/static/chunks/app-pages-internals.js:0
[  292817ms] [ERROR] Failed to load resource: the server responded with a status of 404 (Not Found) @ http://localhost:6010/_next/static/chunks/main-app.js?v=1789997451561:0
[  292818ms] [ERROR] Failed to load resource: the server responded with a status of 404 (Not Found) @ http://localhost:6010/_next/static/chunks/app-pages-internals.js:0
[  292959ms] [ERROR] Failed to load resource: the server responded with a status of 404 (Not Found) @ http://localhost:6010/_next/static/chunks/main-app.js?v=1789997451690:0
[  292959ms] [ERROR] Failed to load resource: the server responded with a status of 404 (Not Found) @ http://localhost:6010/_next/static/chunks/app-pages-internals.js:0
[  293063ms] [ERROR] Failed to load resource: the server responded with a status of 404 (Not Found) @ http://localhost:6010/_next/static/chunks/main-app.js?v=1789997451804:0
[  293064ms] [ERROR] Failed to load resource: the server responded with a status of 404 (Not Found) @ http://localhost:6010/_next/static/chunks/app-pages-internals.js:0
[  293139ms] [ERROR] Failed to load resource: the server responded with a status of 404 (Not Found) @ http://localhost:6010/_next/static/chunks/main-app.js?v=1789997451913:0
[  293140ms] [ERROR] Failed to load resource: the server responded with a status of 404 (Not Found) @ http://localhost:6010/_next/static/chunks/app-pages-internals.js:0
[  293210ms] [ERROR] Failed to load resource: the server responded with a status of 404 (Not Found) @ http://localhost:6010/_next/static/chunks/main-app.js?v=1789997451986:0
[  293212ms] [ERROR] Failed to load resource: the server responded with a status of 404 (Not Found) @ http://localhost:6010/_next/static/chunks/app-pages-internals.js:0
[  293281ms] [ERROR] Failed to load resource: the server responded with a status of 404 (Not Found) @ http://localhost:6010/_next/static/chunks/main-app.js?v=1789997452050:0
[  293283ms] [ERROR] Failed to load resource: the server responded with a status of 404 (Not Found) @ http://localhost:6010/_next/static/chunks/app-pages-internals.js:0
[  293388ms] [ERROR] Failed to load resource: the server responded with a status of 404 (Not Found) @ http://localhost:6010/_next/static/chunks/main-app.js?v=1789997452154:0
[  293388ms] [ERROR] Failed to load resource: the server responded with a status of 404 (Not Found) @ http://localhost:6010/_next/static/chunks/app-pages-internals.js:0
[  293481ms] [ERROR] Failed to load resource: the server responded with a status of 404 (Not Found) @ http://localhost:6010/_next/static/chunks/main-app.js?v=1789997452239:0
[  293481ms] [ERROR] Failed to load resource: the server responded with a status of 404 (Not Found) @ http://localhost:6010/_next/static/chunks/app-pages-internals.js:0
[  293569ms] [ERROR] Failed to load resource: the server responded with a status of 404 (Not Found) @ http://localhost:6010/_next/static/chunks/main-app.js?v=1789997452340:0
[  293569ms] [ERROR] Failed to load resource: the server responded with a status of 404 (Not Found) @ http://localhost:6010/_next/static/chunks/app-pages-internals.js:0
[  293639ms] [ERROR] Failed to load resource: the server responded with a status of 404 (Not Found) @ http://localhost:6010/_next/static/chunks/main-app.js?v=1789997452414:0
[  293639ms] [ERROR] Failed to load resource: the server responded with a status of 404 (Not Found) @ http://localhost:6010/_next/static/chunks/app-pages-internals.js:0
[  293707ms] [ERROR] Failed to load resource: the server responded with a status of 404 (Not Found) @ http://localhost:6010/_next/static/chunks/main-app.js?v=1789997452488:0
[  293709ms] [ERROR] Failed to load resource: the server responded with a status of 404 (Not Found) @ http://localhost:6010/_next/static/chunks/app-pages-internals.js:0
[  293767ms] [ERROR] Failed to load resource: the server responded with a status of 404 (Not Found) @ http://localhost:6010/_next/static/chunks/main-app.js?v=1789997452545:0
[  293770ms] [ERROR] Failed to load resource: the server responded with a status of 404 (Not Found) @ http://localhost:6010/_next/static/chunks/app-pages-internals.js:0
[  293833ms] [ERROR] Failed to load resource: the server responded with a status of 404 (Not Found) @ http://localhost:6010/_next/static/chunks/main-app.js?v=1789997452608:0
[  293835ms] [ERROR] Failed to load resource: the server responded with a status of 404 (Not Found) @ http://localhost:6010/_next/static/chunks/app-pages-internals.js:0
[  293893ms] [ERROR] Failed to load resource: the server responded with a status of 404 (Not Found) @ http://localhost:6010/_next/static/chunks/main-app.js?v=1789997452671:0
[  293893ms] [ERROR] Failed to load resource: the server responded with a status of 404 (Not Found) @ http://localhost:6010/_next/static/chunks/app-pages-internals.js:0
[  293939ms] [ERROR] Failed to load resource: the server responded with a status of 404 (Not Found) @ http://localhost:6010/no-such-page:0
[  293948ms] [ERROR] Failed to load resource: the server responded with a status of 404 (Not Found) @ http://localhost:6010/_next/static/chunks/main-app.js?v=1789997452734:0
[  293949ms] [ERROR] Failed to load resource: the server responded with a status of 404 (Not Found) @ http://localhost:6010/_next/static/chunks/app-pages-internals.js:0
[  294032ms] [ERROR] Failed to load resource: the server responded with a status of 404 (Not Found) @ http://localhost:6010/_next/static/chunks/main-app.js?v=1789997452785:0
[  294032ms] [ERROR] Failed to load resource: the server responded with a status of 404 (Not Found) @ http://localhost:6010/_next/static/chunks/app-pages-internals.js:0
[  294106ms] [ERROR] Failed to load resource: the server responded with a status of 404 (Not Found) @ http://localhost:6010/_next/static/chunks/main-app.js?v=1789997452880:0
[  294106ms] [ERROR] Failed to load resource: the server responded with a status of 404 (Not Found) @ http://localhost:6010/_next/static/chunks/app-pages-internals.js:0
[  294217ms] [ERROR] Failed to load resource: the server responded with a status of 404 (Not Found) @ http://localhost:6010/_next/static/chunks/main-app.js?v=1789997452947:0
[  294217ms] [ERROR] Failed to load resource: the server responded with a status of 404 (Not Found) @ http://localhost:6010/_next/static/chunks/app-pages-internals.js:0
[  294331ms] [ERROR] Failed to load resource: the server responded with a status of 404 (Not Found) @ http://localhost:6010/_next/static/chunks/main-app.js?v=1789997453067:0
[  294331ms] [ERROR] Failed to load resource: the server responded with a status of 404 (Not Found) @ http://localhost:6010/_next/static/chunks/app-pages-internals.js:0
[  294443ms] [ERROR] Failed to load resource: the server responded with a status of 404 (Not Found) @ http://localhost:6010/_next/static/chunks/main-app.js?v=1789997453184:0
[  294443ms] [ERROR] Failed to load resource: the server responded with a status of 404 (Not Found) @ http://localhost:6010/_next/static/chunks/app-pages-internals.js:0
[  294525ms] [ERROR] Failed to load resource: the server responded with a status of 404 (Not Found) @ http://localhost:6010/_next/static/chunks/main-app.js?v=1789997453293:0
[  294525ms] [ERROR] Failed to load resource: the server responded with a status of 404 (Not Found) @ http://localhost:6010/_next/static/chunks/app-pages-internals.js:0
[  294602ms] [ERROR] Failed to load resource: the server responded with a status of 404 (Not Found) @ http://localhost:6010/_next/static/chunks/main-app.js?v=1789997453373:0
[  294603ms] [ERROR] Failed to load resource: the server responded with a status of 404 (Not Found) @ http://localhost:6010/_next/static/chunks/app-pages-internals.js:0
[  294679ms] [ERROR] Failed to load resource: the server responded with a status of 404 (Not Found) @ http://localhost:6010/_next/static/chunks/main-app.js?v=1789997453447:0
[  294680ms] [ERROR] Failed to load resource: the server responded with a status of 404 (Not Found) @ http://localhost:6010/_next/static/chunks/app-pages-internals.js:0
[  294767ms] [ERROR] Failed to load resource: the server responded with a status of 404 (Not Found) @ http://localhost:6010/_next/static/chunks/main-app.js?v=1789997453526:0
[  294769ms] [ERROR] Failed to load resource: the server responded with a status of 404 (Not Found) @ http://localhost:6010/_next/static/chunks/app-pages-internals.js:0
[  294865ms] [ERROR] Failed to load resource: the server responded with a status of 404 (Not Found) @ http://localhost:6010/_next/static/chunks/main-app.js?v=1789997453617:0
[  294867ms] [ERROR] Failed to load resource: the server responded with a status of 404 (Not Found) @ http://localhost:6010/_next/static/chunks/app-pages-internals.js:0
[  294977ms] [ERROR] Failed to load resource: the server responded with a status of 404 (Not Found) @ http://localhost:6010/_next/static/chunks/main-app.js?v=1789997453752:0
[  294977ms] [ERROR] Failed to load resource: the server responded with a status of 404 (Not Found) @ http://localhost:6010/_next/static/chunks/app-pages-internals.js:0
[  295055ms] [ERROR] Failed to load resource: the server responded with a status of 404 (Not Found) @ http://localhost:6010/_next/static/chunks/main-app.js?v=1789997453830:0
[  295055ms] [ERROR] Failed to load resource: the server responded with a status of 404 (Not Found) @ http://localhost:6010/_next/static/chunks/app-pages-internals.js:0
[  295124ms] [ERROR] Failed to load resource: the server responded with a status of 404 (Not Found) @ http://localhost:6010/_next/static/chunks/main-app.js?v=1789997453905:0
[  295125ms] [ERROR] Failed to load resource: the server responded with a status of 404 (Not Found) @ http://localhost:6010/_next/static/chunks/app-pages-internals.js:0
[  295187ms] [ERROR] Failed to load resource: the server responded with a status of 404 (Not Found) @ http://localhost:6010/_next/static/chunks/main-app.js?v=1789997453962:0
[  295189ms] [ERROR] Failed to load resource: the server responded with a status of 404 (Not Found) @ http://localhost:6010/_next/static/chunks/app-pages-internals.js:0
[  295248ms] [ERROR] Failed to load resource: the server responded with a status of 404 (Not Found) @ http://localhost:6010/_next/static/chunks/main-app.js?v=1789997454030:0
[  295249ms] [ERROR] Failed to load resource: the server responded with a status of 404 (Not Found) @ http://localhost:6010/_next/static/chunks/app-pages-internals.js:0
[  295318ms] [ERROR] Failed to load resource: the server responded with a status of 404 (Not Found) @ http://localhost:6010/_next/static/chunks/main-app.js?v=1789997454094:0
[  295318ms] [ERROR] Failed to load resource: the server responded with a status of 404 (Not Found) @ http://localhost:6010/_next/static/chunks/app-pages-internals.js:0
[  295375ms] [ERROR] Failed to load resource: the server responded with a status of 404 (Not Found) @ http://localhost:6010/no-such-page:0
[  295387ms] [ERROR] Failed to load resource: the server responded with a status of 404 (Not Found) @ http://localhost:6010/_next/static/chunks/main-app.js?v=1789997454160:0
[  295389ms] [ERROR] Failed to load resource: the server responded with a status of 404 (Not Found) @ http://localhost:6010/_next/static/chunks/app-pages-internals.js:0
[  295516ms] [ERROR] Failed to load resource: the server responded with a status of 404 (Not Found) @ http://localhost:6010/_next/static/chunks/main-app.js?v=1789997454233:0
[  295517ms] [ERROR] Failed to load resource: the server responded with a status of 404 (Not Found) @ http://localhost:6010/_next/static/chunks/app-pages-internals.js:0
[  295594ms] [ERROR] Failed to load resource: the server responded with a status of 404 (Not Found) @ http://localhost:6010/_next/static/chunks/main-app.js?v=1789997454371:0
[  295595ms] [ERROR] Failed to load resource: the server responded with a status of 404 (Not Found) @ http://localhost:6010/_next/static/chunks/app-pages-internals.js:0
[  295724ms] [ERROR] Failed to load resource: the server responded with a status of 404 (Not Found) @ http://localhost:6010/_next/static/chunks/main-app.js?v=1789997454435:0
[  295762ms] [ERROR] Failed to load resource: the server responded with a status of 404 (Not Found) @ http://localhost:6010/_next/static/chunks/app-pages-internals.js:0
[  295971ms] [ERROR] Failed to load resource: the server responded with a status of 404 (Not Found) @ http://localhost:6010/_next/static/chunks/app-pages-internals.js:0
[  295972ms] [ERROR] Failed to load resource: the server responded with a status of 404 (Not Found) @ http://localhost:6010/_next/static/chunks/main-app.js?v=1789997454665:0
[  296153ms] [ERROR] Failed to load resource: the server responded with a status of 404 (Not Found) @ http://localhost:6010/_next/static/chunks/main-app.js?v=1789997454873:0
[  296155ms] [ERROR] Failed to load resource: the server responded with a status of 404 (Not Found) @ http://localhost:6010/_next/static/chunks/app-pages-internals.js:0
[  296314ms] [ERROR] Failed to load resource: the server responded with a status of 404 (Not Found) @ http://localhost:6010/_next/static/chunks/main-app.js?v=1789997455033:0
[  296315ms] [ERROR] Failed to load resource: the server responded with a status of 404 (Not Found) @ http://localhost:6010/_next/static/chunks/app-pages-internals.js:0
[  296429ms] [ERROR] Failed to load resource: the server responded with a status of 404 (Not Found) @ http://localhost:6010/_next/static/chunks/main-app.js?v=1789997455188:0
[  296430ms] [ERROR] Failed to load resource: the server responded with a status of 404 (Not Found) @ http://localhost:6010/_next/static/chunks/app-pages-internals.js:0
[  296516ms] [ERROR] Failed to load resource: the server responded with a status of 404 (Not Found) @ http://localhost:6010/_next/static/chunks/main-app.js?v=1789997455282:0
[  296517ms] [ERROR] Failed to load resource: the server responded with a status of 404 (Not Found) @ http://localhost:6010/_next/static/chunks/app-pages-internals.js:0
[  296630ms] [ERROR] Failed to load resource: the server responded with a status of 404 (Not Found) @ http://localhost:6010/_next/static/chunks/main-app.js?v=1789997455384:0
[  296630ms] [ERROR] Failed to load resource: the server responded with a status of 404 (Not Found) @ http://localhost:6010/_next/static/chunks/app-pages-internals.js:0
[  296728ms] [ERROR] Failed to load resource: the server responded with a status of 404 (Not Found) @ http://localhost:6010/_next/static/chunks/main-app.js?v=1789997455484:0
[  296728ms] [ERROR] Failed to load resource: the server responded with a status of 404 (Not Found) @ http://localhost:6010/_next/static/chunks/app-pages-internals.js:0
[  296823ms] [ERROR] Failed to load resource: the server responded with a status of 404 (Not Found) @ http://localhost:6010/_next/static/chunks/main-app.js?v=1789997455590:0
[  296824ms] [ERROR] Failed to load resource: the server responded with a status of 404 (Not Found) @ http://localhost:6010/_next/static/chunks/app-pages-internals.js:0
[  296906ms] [ERROR] Failed to load resource: the server responded with a status of 404 (Not Found) @ http://localhost:6010/_next/static/chunks/main-app.js?v=1789997455667:0
[  296907ms] [ERROR] Failed to load resource: the server responded with a status of 404 (Not Found) @ http://localhost:6010/_next/static/chunks/app-pages-internals.js:0
[  296972ms] [ERROR] Failed to load resource: the server responded with a status of 404 (Not Found) @ http://localhost:6010/_next/static/chunks/main-app.js?v=1789997455752:0
[  296973ms] [ERROR] Failed to load resource: the server responded with a status of 404 (Not Found) @ http://localhost:6010/_next/static/chunks/app-pages-internals.js:0
[  297060ms] [ERROR] Failed to load resource: the server responded with a status of 404 (Not Found) @ http://localhost:6010/_next/static/chunks/main-app.js?v=1789997455813:0
[  297062ms] [ERROR] Failed to load resource: the server responded with a status of 404 (Not Found) @ http://localhost:6010/_next/static/chunks/app-pages-internals.js:0
[  297131ms] [ERROR] Failed to load resource: the server responded with a status of 404 (Not Found) @ http://localhost:6010/_next/static/chunks/main-app.js?v=1789997455905:0
[  297133ms] [ERROR] Failed to load resource: the server responded with a status of 404 (Not Found) @ http://localhost:6010/_next/static/chunks/app-pages-internals.js:0
[  297194ms] [ERROR] Failed to load resource: the server responded with a status of 404 (Not Found) @ http://localhost:6010/_next/static/chunks/main-app.js?v=1789997455970:0
[  297194ms] [ERROR] Failed to load resource: the server responded with a status of 404 (Not Found) @ http://localhost:6010/_next/static/chunks/app-pages-internals.js:0
[  297338ms] [ERROR] Failed to load resource: the server responded with a status of 404 (Not Found) @ http://localhost:6010/no-such-page:0
[  297353ms] [ERROR] Failed to load resource: the server responded with a status of 404 (Not Found) @ http://localhost:6010/_next/static/chunks/main-app.js?v=1789997456083:0
[  297362ms] [ERROR] Failed to load resource: the server responded with a status of 404 (Not Found) @ http://localhost:6010/_next/static/chunks/app-pages-internals.js:0
[  297549ms] [ERROR] Failed to load resource: the server responded with a status of 404 (Not Found) @ http://localhost:6010/_next/static/chunks/main-app.js?v=1789997456230:0
[  297549ms] [ERROR] Failed to load resource: the server responded with a status of 404 (Not Found) @ http://localhost:6010/_next/static/chunks/app-pages-internals.js:0
[  297851ms] [ERROR] Failed to load resource: the server responded with a status of 404 (Not Found) @ http://localhost:6010/_next/static/chunks/main-app.js?v=1789997456624:0
[  297851ms] [ERROR] Failed to load resource: the server responded with a status of 404 (Not Found) @ http://localhost:6010/_next/static/chunks/app-pages-internals.js:0
[  297949ms] [ERROR] Failed to load resource: the server responded with a status of 404 (Not Found) @ http://localhost:6010/_next/static/chunks/main-app.js?v=1789997456687:0
[  297950ms] [ERROR] Failed to load resource: the server responded with a status of 404 (Not Found) @ http://localhost:6010/_next/static/chunks/app-pages-internals.js:0
[  298097ms] [ERROR] Failed to load resource: the server responded with a status of 404 (Not Found) @ http://localhost:6010/_next/static/chunks/main-app.js?v=1789997456817:0
[  298097ms] [ERROR] Failed to load resource: the server responded with a status of 404 (Not Found) @ http://localhost:6010/_next/static/chunks/app-pages-internals.js:0
[  298200ms] [ERROR] Failed to load resource: the server responded with a status of 404 (Not Found) @ http://localhost:6010/_next/static/chunks/main-app.js?v=1789997456942:0
[  298200ms] [ERROR] Failed to load resource: the server responded with a status of 404 (Not Found) @ http://localhost:6010/_next/static/chunks/app-pages-internals.js:0
[  298288ms] [ERROR] Failed to load resource: the server responded with a status of 404 (Not Found) @ http://localhost:6010/_next/static/chunks/main-app.js?v=1789997457055:0
[  298288ms] [ERROR] Failed to load resource: the server responded with a status of 404 (Not Found) @ http://localhost:6010/_next/static/chunks/app-pages-internals.js:0
[  298363ms] [ERROR] Failed to load resource: the server responded with a status of 404 (Not Found) @ http://localhost:6010/_next/static/chunks/main-app.js?v=1789997457140:0
[  298364ms] [ERROR] Failed to load resource: the server responded with a status of 404 (Not Found) @ http://localhost:6010/_next/static/chunks/app-pages-internals.js:0
[  298439ms] [ERROR] Failed to load resource: the server responded with a status of 404 (Not Found) @ http://localhost:6010/_next/static/chunks/main-app.js?v=1789997457209:0
[  298439ms] [ERROR] Failed to load resource: the server responded with a status of 404 (Not Found) @ http://localhost:6010/_next/static/chunks/app-pages-internals.js:0
[  298528ms] [ERROR] Failed to load resource: the server responded with a status of 404 (Not Found) @ http://localhost:6010/_next/static/chunks/main-app.js?v=1789997457291:0
[  298528ms] [ERROR] Failed to load resource: the server responded with a status of 404 (Not Found) @ http://localhost:6010/_next/static/chunks/app-pages-internals.js:0
[  298638ms] [ERROR] Failed to load resource: the server responded with a status of 404 (Not Found) @ http://localhost:6010/_next/static/chunks/main-app.js?v=1789997457383:0
[  298638ms] [ERROR] Failed to load resource: the server responded with a status of 404 (Not Found) @ http://localhost:6010/_next/static/chunks/app-pages-internals.js:0
[  298765ms] [ERROR] Failed to load resource: the server responded with a status of 404 (Not Found) @ http://localhost:6010/_next/static/chunks/main-app.js?v=1789997457538:0
[  298767ms] [ERROR] Failed to load resource: the server responded with a status of 404 (Not Found) @ http://localhost:6010/_next/static/chunks/app-pages-internals.js:0
[  298845ms] [ERROR] Failed to load resource: the server responded with a status of 404 (Not Found) @ http://localhost:6010/_next/static/chunks/main-app.js?v=1789997457620:0
[  298846ms] [ERROR] Failed to load resource: the server responded with a status of 404 (Not Found) @ http://localhost:6010/_next/static/chunks/app-pages-internals.js:0
[  298932ms] [ERROR] Failed to load resource: the server responded with a status of 404 (Not Found) @ http://localhost:6010/_next/static/chunks/main-app.js?v=1789997457704:0
[  298932ms] [ERROR] Failed to load resource: the server responded with a status of 404 (Not Found) @ http://localhost:6010/_next/static/chunks/app-pages-internals.js:0
[  298988ms] [ERROR] Failed to load resource: the server responded with a status of 404 (Not Found) @ http://localhost:6010/_next/static/chunks/main-app.js?v=1789997457768:0
[  298991ms] [ERROR] Failed to load resource: the server responded with a status of 404 (Not Found) @ http://localhost:6010/_next/static/chunks/app-pages-internals.js:0
[  299062ms] [ERROR] Failed to load resource: the server responded with a status of 404 (Not Found) @ http://localhost:6010/_next/static/chunks/main-app.js?v=1789997457842:0
[  299063ms] [ERROR] Failed to load resource: the server responded with a status of 404 (Not Found) @ http://localhost:6010/_next/static/chunks/app-pages-internals.js:0
[  299142ms] [ERROR] Failed to load resource: the server responded with a status of 404 (Not Found) @ http://localhost:6010/_next/static/chunks/main-app.js?v=1789997457914:0
[  299143ms] [ERROR] Failed to load resource: the server responded with a status of 404 (Not Found) @ http://localhost:6010/_next/static/chunks/app-pages-internals.js:0
[  299202ms] [ERROR] Failed to load resource: the server responded with a status of 404 (Not Found) @ http://localhost:6010/no-such-page:0
[  299213ms] [ERROR] Failed to load resource: the server responded with a status of 404 (Not Found) @ http://localhost:6010/_next/static/chunks/main-app.js?v=1789997457995:0
[  299214ms] [ERROR] Failed to load resource: the server responded with a status of 404 (Not Found) @ http://localhost:6010/_next/static/chunks/app-pages-internals.js:0
[  299312ms] [ERROR] Failed to load resource: the server responded with a status of 404 (Not Found) @ http://localhost:6010/_next/static/chunks/main-app.js?v=1789997458052:0
[  299312ms] [ERROR] Failed to load resource: the server responded with a status of 404 (Not Found) @ http://localhost:6010/_next/static/chunks/app-pages-internals.js:0
[  299390ms] [ERROR] Failed to load resource: the server responded with a status of 404 (Not Found) @ http://localhost:6010/_next/static/chunks/main-app.js?v=1789997458161:0
[  299390ms] [ERROR] Failed to load resource: the server responded with a status of 404 (Not Found) @ http://localhost:6010/_next/static/chunks/app-pages-internals.js:0
[  299501ms] [ERROR] Failed to load resource: the server responded with a status of 404 (Not Found) @ http://localhost:6010/_next/static/chunks/main-app.js?v=1789997458228:0
[  299502ms] [ERROR] Failed to load resource: the server responded with a status of 404 (Not Found) @ http://localhost:6010/_next/static/chunks/app-pages-internals.js:0
[  299630ms] [ERROR] Failed to load resource: the server responded with a status of 404 (Not Found) @ http://localhost:6010/_next/static/chunks/main-app.js?v=1789997458362:0
[  299630ms] [ERROR] Failed to load resource: the server responded with a status of 404 (Not Found) @ http://localhost:6010/_next/static/chunks/app-pages-internals.js:0
[  299747ms] [ERROR] Failed to load resource: the server responded with a status of 404 (Not Found) @ http://localhost:6010/_next/static/chunks/main-app.js?v=1789997458478:0
[  299748ms] [ERROR] Failed to load resource: the server responded with a status of 404 (Not Found) @ http://localhost:6010/_next/static/chunks/app-pages-internals.js:0
[  299864ms] [ERROR] Failed to load resource: the server responded with a status of 404 (Not Found) @ http://localhost:6010/_next/static/chunks/main-app.js?v=1789997458636:0
[  299864ms] [ERROR] Failed to load resource: the server responded with a status of 404 (Not Found) @ http://localhost:6010/_next/static/chunks/app-pages-internals.js:0
[  299955ms] [ERROR] Failed to load resource: the server responded with a status of 404 (Not Found) @ http://localhost:6010/_next/static/chunks/app-pages-internals.js:0
[  299960ms] [ERROR] Failed to load resource: the server responded with a status of 404 (Not Found) @ http://localhost:6010/_next/static/chunks/main-app.js?v=1789997458713:0
[  300110ms] [ERROR] Failed to load resource: the server responded with a status of 404 (Not Found) @ http://localhost:6010/_next/static/chunks/app-pages-internals.js:0
[  300112ms] [ERROR] Failed to load resource: the server responded with a status of 404 (Not Found) @ http://localhost:6010/_next/static/chunks/main-app.js?v=1789997458849:0
[  300213ms] [ERROR] Failed to load resource: the server responded with a status of 404 (Not Found) @ http://localhost:6010/_next/static/chunks/main-app.js?v=1789997458970:0
[  300213ms] [ERROR] Failed to load resource: the server responded with a status of 404 (Not Found) @ http://localhost:6010/_next/static/chunks/app-pages-internals.js:0
[  300333ms] [ERROR] Failed to load resource: the server responded with a status of 404 (Not Found) @ http://localhost:6010/_next/static/chunks/main-app.js?v=1789997459068:0
[  300334ms] [ERROR] Failed to load resource: the server responded with a status of 404 (Not Found) @ http://localhost:6010/_next/static/chunks/app-pages-internals.js:0
[  300450ms] [ERROR] Failed to load resource: the server responded with a status of 404 (Not Found) @ http://localhost:6010/_next/static/chunks/main-app.js?v=1789997459217:0
[  300451ms] [ERROR] Failed to load resource: the server responded with a status of 404 (Not Found) @ http://localhost:6010/_next/static/chunks/app-pages-internals.js:0
[  300547ms] [ERROR] Failed to load resource: the server responded with a status of 404 (Not Found) @ http://localhost:6010/_next/static/chunks/main-app.js?v=1789997459307:0
[  300547ms] [ERROR] Failed to load resource: the server responded with a status of 404 (Not Found) @ http://localhost:6010/_next/static/chunks/app-pages-internals.js:0
[  300617ms] [ERROR] Failed to load resource: the server responded with a status of 404 (Not Found) @ http://localhost:6010/_next/static/chunks/main-app.js?v=1789997459393:0
[  300617ms] [ERROR] Failed to load resource: the server responded with a status of 404 (Not Found) @ http://localhost:6010/_next/static/chunks/app-pages-internals.js:0
[  300680ms] [ERROR] Failed to load resource: the server responded with a status of 404 (Not Found) @ http://localhost:6010/_next/static/chunks/main-app.js?v=1789997459462:0
[  300681ms] [ERROR] Failed to load resource: the server responded with a status of 404 (Not Found) @ http://localhost:6010/_next/static/chunks/app-pages-internals.js:0
[  300762ms] [ERROR] Failed to load resource: the server responded with a status of 404 (Not Found) @ http://localhost:6010/_next/static/chunks/main-app.js?v=1789997459525:0
[  300764ms] [ERROR] Failed to load resource: the server responded with a status of 404 (Not Found) @ http://localhost:6010/_next/static/chunks/app-pages-internals.js:0
[  300832ms] [ERROR] Failed to load resource: the server responded with a status of 404 (Not Found) @ http://localhost:6010/_next/static/chunks/main-app.js?v=1789997459608:0
[  300833ms] [ERROR] Failed to load resource: the server responded with a status of 404 (Not Found) @ http://localhost:6010/_next/static/chunks/app-pages-internals.js:0
[  300888ms] [ERROR] Failed to load resource: the server responded with a status of 404 (Not Found) @ http://localhost:6010/no-such-page:0
[  300898ms] [ERROR] Failed to load resource: the server responded with a status of 404 (Not Found) @ http://localhost:6010/_next/static/chunks/main-app.js?v=1789997459683:0
[  300898ms] [ERROR] Failed to load resource: the server responded with a status of 404 (Not Found) @ http://localhost:6010/_next/static/chunks/app-pages-internals.js:0
[  301012ms] [ERROR] Failed to load resource: the server responded with a status of 404 (Not Found) @ http://localhost:6010/_next/static/chunks/main-app.js?v=1789997459751:0
[  301012ms] [ERROR] Failed to load resource: the server responded with a status of 404 (Not Found) @ http://localhost:6010/_next/static/chunks/app-pages-internals.js:0
[  301099ms] [ERROR] Failed to load resource: the server responded with a status of 404 (Not Found) @ http://localhost:6010/_next/static/chunks/main-app.js?v=1789997459861:0
[  301099ms] [ERROR] Failed to load resource: the server responded with a status of 404 (Not Found) @ http://localhost:6010/_next/static/chunks/app-pages-internals.js:0
[  301217ms] [ERROR] Failed to load resource: the server responded with a status of 404 (Not Found) @ http://localhost:6010/_next/static/chunks/main-app.js?v=1789997459938:0
[  301218ms] [ERROR] Failed to load resource: the server responded with a status of 404 (Not Found) @ http://localhost:6010/_next/static/chunks/app-pages-internals.js:0
[  301367ms] [ERROR] Failed to load resource: the server responded with a status of 404 (Not Found) @ http://localhost:6010/_next/static/chunks/main-app.js?v=1789997460085:0
[  301368ms] [ERROR] Failed to load resource: the server responded with a status of 404 (Not Found) @ http://localhost:6010/_next/static/chunks/app-pages-internals.js:0
[  301515ms] [ERROR] Failed to load resource: the server responded with a status of 404 (Not Found) @ http://localhost:6010/_next/static/chunks/main-app.js?v=1789997460242:0
[  301515ms] [ERROR] Failed to load resource: the server responded with a status of 404 (Not Found) @ http://localhost:6010/_next/static/chunks/app-pages-internals.js:0
[  301629ms] [ERROR] Failed to load resource: the server responded with a status of 404 (Not Found) @ http://localhost:6010/_next/static/chunks/main-app.js?v=1789997460375:0
[  301629ms] [ERROR] Failed to load resource: the server responded with a status of 404 (Not Found) @ http://localhost:6010/_next/static/chunks/app-pages-internals.js:0
[  301714ms] [ERROR] Failed to load resource: the server responded with a status of 404 (Not Found) @ http://localhost:6010/_next/static/chunks/main-app.js?v=1789997460482:0
[  301716ms] [ERROR] Failed to load resource: the server responded with a status of 404 (Not Found) @ http://localhost:6010/_next/static/chunks/app-pages-internals.js:0
[  301797ms] [ERROR] Failed to load resource: the server responded with a status of 404 (Not Found) @ http://localhost:6010/_next/static/chunks/main-app.js?v=1789997460573:0
[  301798ms] [ERROR] Failed to load resource: the server responded with a status of 404 (Not Found) @ http://localhost:6010/_next/static/chunks/app-pages-internals.js:0
[  301879ms] [ERROR] Failed to load resource: the server responded with a status of 404 (Not Found) @ http://localhost:6010/_next/static/chunks/main-app.js?v=1789997460642:0
[  301881ms] [ERROR] Failed to load resource: the server responded with a status of 404 (Not Found) @ http://localhost:6010/_next/static/chunks/app-pages-internals.js:0
[  301997ms] [ERROR] Failed to load resource: the server responded with a status of 404 (Not Found) @ http://localhost:6010/_next/static/chunks/main-app.js?v=1789997460739:0
[  301997ms] [ERROR] Failed to load resource: the server responded with a status of 404 (Not Found) @ http://localhost:6010/_next/static/chunks/app-pages-internals.js:0
[  302095ms] [ERROR] Failed to load resource: the server responded with a status of 404 (Not Found) @ http://localhost:6010/_next/static/chunks/main-app.js?v=1789997460864:0
[  302096ms] [ERROR] Failed to load resource: the server responded with a status of 404 (Not Found) @ http://localhost:6010/_next/static/chunks/app-pages-internals.js:0
[  302186ms] [ERROR] Failed to load resource: the server responded with a status of 404 (Not Found) @ http://localhost:6010/_next/static/chunks/main-app.js?v=1789997460949:0
[  302187ms] [ERROR] Failed to load resource: the server responded with a status of 404 (Not Found) @ http://localhost:6010/_next/static/chunks/app-pages-internals.js:0
[  302256ms] [ERROR] Failed to load resource: the server responded with a status of 404 (Not Found) @ http://localhost:6010/_next/static/chunks/main-app.js?v=1789997461036:0
[  302256ms] [ERROR] Failed to load resource: the server responded with a status of 404 (Not Found) @ http://localhost:6010/_next/static/chunks/app-pages-internals.js:0
[  302338ms] [ERROR] Failed to load resource: the server responded with a status of 404 (Not Found) @ http://localhost:6010/_next/static/chunks/main-app.js?v=1789997461103:0
[  302339ms] [ERROR] Failed to load resource: the server responded with a status of 404 (Not Found) @ http://localhost:6010/_next/static/chunks/app-pages-internals.js:0
[  302419ms] [ERROR] Failed to load resource: the server responded with a status of 404 (Not Found) @ http://localhost:6010/_next/static/chunks/main-app.js?v=1789997461192:0
[  302419ms] [ERROR] Failed to load resource: the server responded with a status of 404 (Not Found) @ http://localhost:6010/_next/static/chunks/app-pages-internals.js:0
[  302489ms] [ERROR] Failed to load resource: the server responded with a status of 404 (Not Found) @ http://localhost:6010/_next/static/chunks/main-app.js?v=1789997461262:0
[  302489ms] [ERROR] Failed to load resource: the server responded with a status of 404 (Not Found) @ http://localhost:6010/_next/static/chunks/app-pages-internals.js:0
[  302539ms] [ERROR] Failed to load resource: the server responded with a status of 404 (Not Found) @ http://localhost:6010/no-such-page:0
[  302548ms] [ERROR] Failed to load resource: the server responded with a status of 404 (Not Found) @ http://localhost:6010/_next/static/chunks/main-app.js?v=1789997461334:0
[  302548ms] [ERROR] Failed to load resource: the server responded with a status of 404 (Not Found) @ http://localhost:6010/_next/static/chunks/app-pages-internals.js:0
[  302646ms] [ERROR] Failed to load resource: the server responded with a status of 404 (Not Found) @ http://localhost:6010/_next/static/chunks/main-app.js?v=1789997461400:0
[  302647ms] [ERROR] Failed to load resource: the server responded with a status of 404 (Not Found) @ http://localhost:6010/_next/static/chunks/app-pages-internals.js:0
[  302729ms] [ERROR] Failed to load resource: the server responded with a status of 404 (Not Found) @ http://localhost:6010/_next/static/chunks/main-app.js?v=1789997461502:0
[  302729ms] [ERROR] Failed to load resource: the server responded with a status of 404 (Not Found) @ http://localhost:6010/_next/static/chunks/app-pages-internals.js:0
[  302836ms] [ERROR] Failed to load resource: the server responded with a status of 404 (Not Found) @ http://localhost:6010/_next/static/chunks/main-app.js?v=1789997461569:0
[  302838ms] [ERROR] Failed to load resource: the server responded with a status of 404 (Not Found) @ http://localhost:6010/_next/static/chunks/app-pages-internals.js:0
[  302965ms] [ERROR] Failed to load resource: the server responded with a status of 404 (Not Found) @ http://localhost:6010/_next/static/chunks/main-app.js?v=1789997461695:0
[  302965ms] [ERROR] Failed to load resource: the server responded with a status of 404 (Not Found) @ http://localhost:6010/_next/static/chunks/app-pages-internals.js:0
[  303095ms] [ERROR] Failed to load resource: the server responded with a status of 404 (Not Found) @ http://localhost:6010/_next/static/chunks/main-app.js?v=1789997461822:0
[  303095ms] [ERROR] Failed to load resource: the server responded with a status of 404 (Not Found) @ http://localhost:6010/_next/static/chunks/app-pages-internals.js:0
[  303222ms] [ERROR] Failed to load resource: the server responded with a status of 404 (Not Found) @ http://localhost:6010/_next/static/chunks/main-app.js?v=1789997461956:0
[  303222ms] [ERROR] Failed to load resource: the server responded with a status of 404 (Not Found) @ http://localhost:6010/_next/static/chunks/app-pages-internals.js:0
[  303339ms] [ERROR] Failed to load resource: the server responded with a status of 404 (Not Found) @ http://localhost:6010/_next/static/chunks/main-app.js?v=1789997462091:0
[  303342ms] [ERROR] Failed to load resource: the server responded with a status of 404 (Not Found) @ http://localhost:6010/_next/static/chunks/app-pages-internals.js:0
[  303438ms] [ERROR] Failed to load resource: the server responded with a status of 404 (Not Found) @ http://localhost:6010/_next/static/chunks/main-app.js?v=1789997462208:0
[  303439ms] [ERROR] Failed to load resource: the server responded with a status of 404 (Not Found) @ http://localhost:6010/_next/static/chunks/app-pages-internals.js:0
[  303542ms] [ERROR] Failed to load resource: the server responded with a status of 404 (Not Found) @ http://localhost:6010/_next/static/chunks/main-app.js?v=1789997462298:0
[  303542ms] [ERROR] Failed to load resource: the server responded with a status of 404 (Not Found) @ http://localhost:6010/_next/static/chunks/app-pages-internals.js:0
[  303645ms] [ERROR] Failed to load resource: the server responded with a status of 404 (Not Found) @ http://localhost:6010/_next/static/chunks/main-app.js?v=1789997462397:0
[  303645ms] [ERROR] Failed to load resource: the server responded with a status of 404 (Not Found) @ http://localhost:6010/_next/static/chunks/app-pages-internals.js:0
[  303740ms] [ERROR] Failed to load resource: the server responded with a status of 404 (Not Found) @ http://localhost:6010/_next/static/chunks/main-app.js?v=1789997462505:0
[  303740ms] [ERROR] Failed to load resource: the server responded with a status of 404 (Not Found) @ http://localhost:6010/_next/static/chunks/app-pages-internals.js:0
[  303831ms] [ERROR] Failed to load resource: the server responded with a status of 404 (Not Found) @ http://localhost:6010/_next/static/chunks/main-app.js?v=1789997462592:0
[  303831ms] [ERROR] Failed to load resource: the server responded with a status of 404 (Not Found) @ http://localhost:6010/_next/static/chunks/app-pages-internals.js:0
[  303896ms] [ERROR] Failed to load resource: the server responded with a status of 404 (Not Found) @ http://localhost:6010/_next/static/chunks/main-app.js?v=1789997462675:0
[  303896ms] [ERROR] Failed to load resource: the server responded with a status of 404 (Not Found) @ http://localhost:6010/_next/static/chunks/app-pages-internals.js:0
[  303955ms] [ERROR] Failed to load resource: the server responded with a status of 404 (Not Found) @ http://localhost:6010/_next/static/chunks/main-app.js?v=1789997462733:0
[  303956ms] [ERROR] Failed to load resource: the server responded with a status of 404 (Not Found) @ http://localhost:6010/_next/static/chunks/app-pages-internals.js:0
[  304186ms] [ERROR] Failed to load resource: the server responded with a status of 404 (Not Found) @ http://localhost:6010/_next/static/chunks/main-app.js?v=1789997462797:0
[  304214ms] [ERROR] Failed to load resource: the server responded with a status of 404 (Not Found) @ http://localhost:6010/_next/static/chunks/app-pages-internals.js:0
[  304552ms] [ERROR] Failed to load resource: the server responded with a status of 404 (Not Found) @ http://localhost:6010/_next/static/chunks/main-app.js?v=1789997463111:0
[  304557ms] [ERROR] Failed to load resource: the server responded with a status of 404 (Not Found) @ http://localhost:6010/_next/static/chunks/app-pages-internals.js:0
[  304729ms] [ERROR] Failed to load resource: the server responded with a status of 404 (Not Found) @ http://localhost:6010/no-such-page:0
[  304752ms] [ERROR] Failed to load resource: the server responded with a status of 404 (Not Found) @ http://localhost:6010/_next/static/chunks/main-app.js?v=1789997463422:0
[  304771ms] [ERROR] Failed to load resource: the server responded with a status of 404 (Not Found) @ http://localhost:6010/_next/static/chunks/app-pages-internals.js:0
[  304934ms] [ERROR] Failed to load resource: the server responded with a status of 404 (Not Found) @ http://localhost:6010/_next/static/chunks/main-app.js?v=1789997463637:0
[  304934ms] [ERROR] Failed to load resource: the server responded with a status of 404 (Not Found) @ http://localhost:6010/_next/static/chunks/app-pages-internals.js:0
[  305037ms] [ERROR] Failed to load resource: the server responded with a status of 404 (Not Found) @ http://localhost:6010/_next/static/chunks/main-app.js?v=1789997463784:0
[  305039ms] [ERROR] Failed to load resource: the server responded with a status of 404 (Not Found) @ http://localhost:6010/_next/static/chunks/app-pages-internals.js:0
[  305254ms] [ERROR] Failed to load resource: the server responded with a status of 404 (Not Found) @ http://localhost:6010/_next/static/chunks/main-app.js?v=1789997463959:0
[  305254ms] [ERROR] Failed to load resource: the server responded with a status of 404 (Not Found) @ http://localhost:6010/_next/static/chunks/app-pages-internals.js:0
[  305566ms] [ERROR] Failed to load resource: the server responded with a status of 404 (Not Found) @ http://localhost:6010/_next/static/chunks/main-app.js?v=1789997464155:0
[  305566ms] [ERROR] Failed to load resource: the server responded with a status of 404 (Not Found) @ http://localhost:6010/_next/static/chunks/app-pages-internals.js:0
[  305716ms] [ERROR] Failed to load resource: the server responded with a status of 404 (Not Found) @ http://localhost:6010/_next/static/chunks/main-app.js?v=1789997464418:0
[  305716ms] [ERROR] Failed to load resource: the server responded with a status of 404 (Not Found) @ http://localhost:6010/_next/static/chunks/app-pages-internals.js:0
[  305878ms] [ERROR] Failed to load resource: the server responded with a status of 404 (Not Found) @ http://localhost:6010/_next/static/chunks/main-app.js?v=1789997464596:0
[  305878ms] [ERROR] Failed to load resource: the server responded with a status of 404 (Not Found) @ http://localhost:6010/_next/static/chunks/app-pages-internals.js:0
[  305979ms] [ERROR] Failed to load resource: the server responded with a status of 404 (Not Found) @ http://localhost:6010/_next/static/chunks/main-app.js?v=1789997464747:0
[  305979ms] [ERROR] Failed to load resource: the server responded with a status of 404 (Not Found) @ http://localhost:6010/_next/static/chunks/app-pages-internals.js:0
[  306051ms] [ERROR] Failed to load resource: the server responded with a status of 404 (Not Found) @ http://localhost:6010/_next/static/chunks/main-app.js?v=1789997464824:0
[  306051ms] [ERROR] Failed to load resource: the server responded with a status of 404 (Not Found) @ http://localhost:6010/_next/static/chunks/app-pages-internals.js:0
[  306165ms] [ERROR] Failed to load resource: the server responded with a status of 404 (Not Found) @ http://localhost:6010/_next/static/chunks/main-app.js?v=1789997464906:0
[  306165ms] [ERROR] Failed to load resource: the server responded with a status of 404 (Not Found) @ http://localhost:6010/_next/static/chunks/app-pages-internals.js:0
[  306268ms] [ERROR] Failed to load resource: the server responded with a status of 404 (Not Found) @ http://localhost:6010/_next/static/chunks/main-app.js?v=1789997465030:0
[  306270ms] [ERROR] Failed to load resource: the server responded with a status of 404 (Not Found) @ http://localhost:6010/_next/static/chunks/app-pages-internals.js:0
[  306378ms] [ERROR] Failed to load resource: the server responded with a status of 404 (Not Found) @ http://localhost:6010/_next/static/chunks/main-app.js?v=1789997465140:0
[  306378ms] [ERROR] Failed to load resource: the server responded with a status of 404 (Not Found) @ http://localhost:6010/_next/static/chunks/app-pages-internals.js:0
[  306471ms] [ERROR] Failed to load resource: the server responded with a status of 404 (Not Found) @ http://localhost:6010/_next/static/chunks/main-app.js?v=1789997465239:0
[  306471ms] [ERROR] Failed to load resource: the server responded with a status of 404 (Not Found) @ http://localhost:6010/_next/static/chunks/app-pages-internals.js:0
[  306545ms] [ERROR] Failed to load resource: the server responded with a status of 404 (Not Found) @ http://localhost:6010/_next/static/chunks/main-app.js?v=1789997465321:0
[  306550ms] [ERROR] Failed to load resource: the server responded with a status of 404 (Not Found) @ http://localhost:6010/_next/static/chunks/app-pages-internals.js:0
[  306613ms] [ERROR] Failed to load resource: the server responded with a status of 404 (Not Found) @ http://localhost:6010/_next/static/chunks/main-app.js?v=1789997465385:0
[  306617ms] [ERROR] Failed to load resource: the server responded with a status of 404 (Not Found) @ http://localhost:6010/_next/static/chunks/app-pages-internals.js:0
[  306696ms] [ERROR] Failed to load resource: the server responded with a status of 404 (Not Found) @ http://localhost:6010/_next/static/chunks/main-app.js?v=1789997465470:0
[  306696ms] [ERROR] Failed to load resource: the server responded with a status of 404 (Not Found) @ http://localhost:6010/_next/static/chunks/app-pages-internals.js:0
[  306769ms] [ERROR] Failed to load resource: the server responded with a status of 404 (Not Found) @ http://localhost:6010/_next/static/chunks/main-app.js?v=1789997465541:0
[  306769ms] [ERROR] Failed to load resource: the server responded with a status of 404 (Not Found) @ http://localhost:6010/_next/static/chunks/app-pages-internals.js:0
[  306837ms] [ERROR] Failed to load resource: the server responded with a status of 404 (Not Found) @ http://localhost:6010/no-such-page:0
[  306849ms] [ERROR] Failed to load resource: the server responded with a status of 404 (Not Found) @ http://localhost:6010/_next/static/chunks/main-app.js?v=1789997465618:0
[  306856ms] [ERROR] Failed to load resource: the server responded with a status of 404 (Not Found) @ http://localhost:6010/_next/static/chunks/app-pages-internals.js:0
[  306973ms] [ERROR] Failed to load resource: the server responded with a status of 404 (Not Found) @ http://localhost:6010/_next/static/chunks/main-app.js?v=1789997465718:0
[  306973ms] [ERROR] Failed to load resource: the server responded with a status of 404 (Not Found) @ http://localhost:6010/_next/static/chunks/app-pages-internals.js:0
[  307057ms] [ERROR] Failed to load resource: the server responded with a status of 404 (Not Found) @ http://localhost:6010/_next/static/chunks/main-app.js?v=1789997465827:0
[  307065ms] [ERROR] Failed to load resource: the server responded with a status of 404 (Not Found) @ http://localhost:6010/_next/static/chunks/app-pages-internals.js:0
[  307182ms] [ERROR] Failed to load resource: the server responded with a status of 404 (Not Found) @ http://localhost:6010/_next/static/chunks/main-app.js?v=1789997465906:0
[  307182ms] [ERROR] Failed to load resource: the server responded with a status of 404 (Not Found) @ http://localhost:6010/_next/static/chunks/app-pages-internals.js:0
[  307325ms] [ERROR] Failed to load resource: the server responded with a status of 404 (Not Found) @ http://localhost:6010/_next/static/chunks/main-app.js?v=1789997466042:0
[  307325ms] [ERROR] Failed to load resource: the server responded with a status of 404 (Not Found) @ http://localhost:6010/_next/static/chunks/app-pages-internals.js:0
[  307468ms] [ERROR] Failed to load resource: the server responded with a status of 404 (Not Found) @ http://localhost:6010/_next/static/chunks/main-app.js?v=1789997466184:0
[  307469ms] [ERROR] Failed to load resource: the server responded with a status of 404 (Not Found) @ http://localhost:6010/_next/static/chunks/app-pages-internals.js:0
[  307577ms] [ERROR] Failed to load resource: the server responded with a status of 404 (Not Found) @ http://localhost:6010/_next/static/chunks/main-app.js?v=1789997466330:0
[  307577ms] [ERROR] Failed to load resource: the server responded with a status of 404 (Not Found) @ http://localhost:6010/_next/static/chunks/app-pages-internals.js:0
[  307676ms] [ERROR] Failed to load resource: the server responded with a status of 404 (Not Found) @ http://localhost:6010/_next/static/chunks/main-app.js?v=1789997466441:0
[  307677ms] [ERROR] Failed to load resource: the server responded with a status of 404 (Not Found) @ http://localhost:6010/_next/static/chunks/app-pages-internals.js:0
[  307762ms] [ERROR] Failed to load resource: the server responded with a status of 404 (Not Found) @ http://localhost:6010/_next/static/chunks/main-app.js?v=1789997466532:0
[  307762ms] [ERROR] Failed to load resource: the server responded with a status of 404 (Not Found) @ http://localhost:6010/_next/static/chunks/app-pages-internals.js:0
[  307896ms] [ERROR] Failed to load resource: the server responded with a status of 404 (Not Found) @ http://localhost:6010/_next/static/chunks/main-app.js?v=1789997466603:0
[  307898ms] [ERROR] Failed to load resource: the server responded with a status of 404 (Not Found) @ http://localhost:6010/_next/static/chunks/app-pages-internals.js:0
[  308021ms] [ERROR] Failed to load resource: the server responded with a status of 404 (Not Found) @ http://localhost:6010/_next/static/chunks/main-app.js?v=1789997466766:0
[  308022ms] [ERROR] Failed to load resource: the server responded with a status of 404 (Not Found) @ http://localhost:6010/_next/static/chunks/app-pages-internals.js:0
[  308167ms] [ERROR] Failed to load resource: the server responded with a status of 404 (Not Found) @ http://localhost:6010/_next/static/chunks/main-app.js?v=1789997466920:0
[  308168ms] [ERROR] Failed to load resource: the server responded with a status of 404 (Not Found) @ http://localhost:6010/_next/static/chunks/app-pages-internals.js:0
[  308254ms] [ERROR] Failed to load resource: the server responded with a status of 404 (Not Found) @ http://localhost:6010/_next/static/chunks/main-app.js?v=1789997467024:0
[  308254ms] [ERROR] Failed to load resource: the server responded with a status of 404 (Not Found) @ http://localhost:6010/_next/static/chunks/app-pages-internals.js:0
[  308330ms] [ERROR] Failed to load resource: the server responded with a status of 404 (Not Found) @ http://localhost:6010/_next/static/chunks/main-app.js?v=1789997467104:0
[  308332ms] [ERROR] Failed to load resource: the server responded with a status of 404 (Not Found) @ http://localhost:6010/_next/static/chunks/app-pages-internals.js:0
[  308395ms] [ERROR] Failed to load resource: the server responded with a status of 404 (Not Found) @ http://localhost:6010/_next/static/chunks/main-app.js?v=1789997467167:0
[  308396ms] [ERROR] Failed to load resource: the server responded with a status of 404 (Not Found) @ http://localhost:6010/_next/static/chunks/app-pages-internals.js:0
[  308462ms] [ERROR] Failed to load resource: the server responded with a status of 404 (Not Found) @ http://localhost:6010/_next/static/chunks/main-app.js?v=1789997467239:0
[  308462ms] [ERROR] Failed to load resource: the server responded with a status of 404 (Not Found) @ http://localhost:6010/_next/static/chunks/app-pages-internals.js:0
[  308527ms] [ERROR] Failed to load resource: the server responded with a status of 404 (Not Found) @ http://localhost:6010/_next/static/chunks/main-app.js?v=1789997467301:0
[  308527ms] [ERROR] Failed to load resource: the server responded with a status of 404 (Not Found) @ http://localhost:6010/_next/static/chunks/app-pages-internals.js:0
[  308594ms] [ERROR] Failed to load resource: the server responded with a status of 404 (Not Found) @ http://localhost:6010/no-such-page:0
[  308602ms] [ERROR] Failed to load resource: the server responded with a status of 404 (Not Found) @ http://localhost:6010/_next/static/chunks/main-app.js?v=1789997467377:0
[  308604ms] [ERROR] Failed to load resource: the server responded with a status of 404 (Not Found) @ http://localhost:6010/_next/static/chunks/app-pages-internals.js:0
[  315651ms] [ERROR] Failed to load resource: the server responded with a status of 404 (Not Found) @ http://localhost:6010/_next/static/chunks/main-app.js?v=1789997474384:0
[  315652ms] [ERROR] Failed to load resource: the server responded with a status of 404 (Not Found) @ http://localhost:6010/_next/static/chunks/app-pages-internals.js:0
[  323581ms] [ERROR] Failed to load resource: the server responded with a status of 404 (Not Found) @ http://localhost:6010/_next/static/chunks/main-app.js?v=1789997482284:0
[  323581ms] [ERROR] Failed to load resource: the server responded with a status of 404 (Not Found) @ http://localhost:6010/_next/static/chunks/app-pages-internals.js:0
[  324699ms] [ERROR] Failed to load resource: the server responded with a status of 404 (Not Found) @ http://localhost:6010/_next/static/chunks/main-app.js?v=1789997483435:0
[  324699ms] [ERROR] Failed to load resource: the server responded with a status of 404 (Not Found) @ http://localhost:6010/_next/static/chunks/app-pages-internals.js:0
[  325765ms] [ERROR] Failed to load resource: the server responded with a status of 404 (Not Found) @ http://localhost:6010/_next/static/chunks/main-app.js?v=1789997484500:0
[  325766ms] [ERROR] Failed to load resource: the server responded with a status of 404 (Not Found) @ http://localhost:6010/_next/static/chunks/app-pages-internals.js:0
[  334047ms] [ERROR] Failed to load resource: the server responded with a status of 404 (Not Found) @ http://localhost:6010/_next/static/chunks/main-app.js?v=1789997492776:0
[  334048ms] [ERROR] Failed to load resource: the server responded with a status of 404 (Not Found) @ http://localhost:6010/_next/static/chunks/app-pages-internals.js:0
[  343481ms] [ERROR] Failed to load resource: the server responded with a status of 404 (Not Found) @ http://localhost:6010/_next/static/chunks/main-app.js?v=1789997502236:0
[  343482ms] [ERROR] Failed to load resource: the server responded with a status of 404 (Not Found) @ http://localhost:6010/_next/static/chunks/app-pages-internals.js:0
[  344086ms] [ERROR] Failed to load resource: the server responded with a status of 404 (Not Found) @ http://localhost:6010/_next/static/chunks/main-app.js?v=1789997502860:0
[  344086ms] [ERROR] Failed to load resource: the server responded with a status of 404 (Not Found) @ http://localhost:6010/_next/static/chunks/app-pages-internals.js:0
[  344712ms] [ERROR] Failed to load resource: the server responded with a status of 404 (Not Found) @ http://localhost:6010/_next/static/chunks/main-app.js?v=1789997503447:0
[  344712ms] [ERROR] Failed to load resource: the server responded with a status of 404 (Not Found) @ http://localhost:6010/_next/static/chunks/app-pages-internals.js:0
[  345345ms] [ERROR] Failed to load resource: the server responded with a status of 404 (Not Found) @ http://localhost:6010/_next/static/chunks/main-app.js?v=1789997504077:0
[  345346ms] [ERROR] Failed to load resource: the server responded with a status of 404 (Not Found) @ http://localhost:6010/_next/static/chunks/app-pages-internals.js:0
[  345990ms] [ERROR] Failed to load resource: the server responded with a status of 404 (Not Found) @ http://localhost:6010/_next/static/chunks/main-app.js?v=1789997504718:0
[  345990ms] [ERROR] Failed to load resource: the server responded with a status of 404 (Not Found) @ http://localhost:6010/_next/static/chunks/app-pages-internals.js:0
[  346623ms] [ERROR] Failed to load resource: the server responded with a status of 404 (Not Found) @ http://localhost:6010/_next/static/chunks/main-app.js?v=1789997505368:0
[  346623ms] [ERROR] Failed to load resource: the server responded with a status of 404 (Not Found) @ http://localhost:6010/_next/static/chunks/app-pages-internals.js:0
[  347220ms] [ERROR] Failed to load resource: the server responded with a status of 404 (Not Found) @ http://localhost:6010/_next/static/chunks/main-app.js?v=1789997505992:0
[  347220ms] [ERROR] Failed to load resource: the server responded with a status of 404 (Not Found) @ http://localhost:6010/_next/static/chunks/app-pages-internals.js:0
[  347814ms] [ERROR] Failed to load resource: the server responded with a status of 404 (Not Found) @ http://localhost:6010/_next/static/chunks/main-app.js?v=1789997506589:0
[  347815ms] [ERROR] Failed to load resource: the server responded with a status of 404 (Not Found) @ http://localhost:6010/_next/static/chunks/app-pages-internals.js:0
[  348433ms] [ERROR] Failed to load resource: the server responded with a status of 404 (Not Found) @ http://localhost:6010/_next/static/chunks/main-app.js?v=1789997507185:0
[  348433ms] [ERROR] Failed to load resource: the server responded with a status of 404 (Not Found) @ http://localhost:6010/_next/static/chunks/app-pages-internals.js:0
[  349076ms] [ERROR] Failed to load resource: the server responded with a status of 404 (Not Found) @ http://localhost:6010/_next/static/chunks/main-app.js?v=1789997507839:0
[  349078ms] [ERROR] Failed to load resource: the server responded with a status of 404 (Not Found) @ http://localhost:6010/_next/static/chunks/app-pages-internals.js:0
[  349802ms] [ERROR] Failed to load resource: the server responded with a status of 404 (Not Found) @ http://localhost:6010/_next/static/chunks/main-app.js?v=1789997508535:0
[  349803ms] [ERROR] Failed to load resource: the server responded with a status of 404 (Not Found) @ http://localhost:6010/_next/static/chunks/app-pages-internals.js:0
[  350402ms] [ERROR] Failed to load resource: the server responded with a status of 404 (Not Found) @ http://localhost:6010/_next/static/chunks/main-app.js?v=1789997509183:0
[  350403ms] [ERROR] Failed to load resource: the server responded with a status of 404 (Not Found) @ http://localhost:6010/_next/static/chunks/app-pages-internals.js:0
[  350990ms] [ERROR] Failed to load resource: the server responded with a status of 404 (Not Found) @ http://localhost:6010/_next/static/chunks/main-app.js?v=1789997509764:0
[  350990ms] [ERROR] Failed to load resource: the server responded with a status of 404 (Not Found) @ http://localhost:6010/_next/static/chunks/app-pages-internals.js:0
[  351575ms] [ERROR] Failed to load resource: the server responded with a status of 404 (Not Found) @ http://localhost:6010/_next/static/chunks/main-app.js?v=1789997510344:0
[  351576ms] [ERROR] Failed to load resource: the server responded with a status of 404 (Not Found) @ http://localhost:6010/_next/static/chunks/app-pages-internals.js:0
[  352165ms] [ERROR] Failed to load resource: the server responded with a status of 404 (Not Found) @ http://localhost:6010/_next/static/chunks/main-app.js?v=1789997510936:0
[  352167ms] [ERROR] Failed to load resource: the server responded with a status of 404 (Not Found) @ http://localhost:6010/_next/static/chunks/app-pages-internals.js:0
[  352751ms] [ERROR] Failed to load resource: the server responded with a status of 404 (Not Found) @ http://localhost:6010/no-such-page:0
[  352761ms] [ERROR] Failed to load resource: the server responded with a status of 404 (Not Found) @ http://localhost:6010/_next/static/chunks/main-app.js?v=1789997511547:0
[  352762ms] [ERROR] Failed to load resource: the server responded with a status of 404 (Not Found) @ http://localhost:6010/_next/static/chunks/app-pages-internals.js:0
[  353379ms] [ERROR] Failed to load resource: the server responded with a status of 404 (Not Found) @ http://localhost:6010/_next/static/chunks/main-app.js?v=1789997512124:0
[  353380ms] [ERROR] Failed to load resource: the server responded with a status of 404 (Not Found) @ http://localhost:6010/_next/static/chunks/app-pages-internals.js:0
[  353986ms] [ERROR] Failed to load resource: the server responded with a status of 404 (Not Found) @ http://localhost:6010/_next/static/chunks/main-app.js?v=1789997512752:0
[  353987ms] [ERROR] Failed to load resource: the server responded with a status of 404 (Not Found) @ http://localhost:6010/_next/static/chunks/app-pages-internals.js:0
[  354635ms] [ERROR] Failed to load resource: the server responded with a status of 404 (Not Found) @ http://localhost:6010/_next/static/chunks/main-app.js?v=1789997513358:0
[  354635ms] [ERROR] Failed to load resource: the server responded with a status of 404 (Not Found) @ http://localhost:6010/_next/static/chunks/app-pages-internals.js:0
[  355279ms] [ERROR] Failed to load resource: the server responded with a status of 404 (Not Found) @ http://localhost:6010/_next/static/chunks/main-app.js?v=1789997514009:0
[  355279ms] [ERROR] Failed to load resource: the server responded with a status of 404 (Not Found) @ http://localhost:6010/_next/static/chunks/app-pages-internals.js:0
[  355895ms] [ERROR] Failed to load resource: the server responded with a status of 404 (Not Found) @ http://localhost:6010/_next/static/chunks/main-app.js?v=1789997514642:0
[  355896ms] [ERROR] Failed to load resource: the server responded with a status of 404 (Not Found) @ http://localhost:6010/_next/static/chunks/app-pages-internals.js:0
[  356530ms] [ERROR] Failed to load resource: the server responded with a status of 404 (Not Found) @ http://localhost:6010/_next/static/chunks/main-app.js?v=1789997515287:0
[  356531ms] [ERROR] Failed to load resource: the server responded with a status of 404 (Not Found) @ http://localhost:6010/_next/static/chunks/app-pages-internals.js:0
[  357134ms] [ERROR] Failed to load resource: the server responded with a status of 404 (Not Found) @ http://localhost:6010/_next/static/chunks/main-app.js?v=1789997515898:0
[  357134ms] [ERROR] Failed to load resource: the server responded with a status of 404 (Not Found) @ http://localhost:6010/_next/static/chunks/app-pages-internals.js:0
[  357721ms] [ERROR] Failed to load resource: the server responded with a status of 404 (Not Found) @ http://localhost:6010/_next/static/chunks/main-app.js?v=1789997516492:0
[  357721ms] [ERROR] Failed to load resource: the server responded with a status of 404 (Not Found) @ http://localhost:6010/_next/static/chunks/app-pages-internals.js:0
[  358340ms] [ERROR] Failed to load resource: the server responded with a status of 404 (Not Found) @ http://localhost:6010/_next/static/chunks/main-app.js?v=1789997517091:0
[  358344ms] [ERROR] Failed to load resource: the server responded with a status of 404 (Not Found) @ http://localhost:6010/_next/static/chunks/app-pages-internals.js:0
[  358947ms] [ERROR] Failed to load resource: the server responded with a status of 404 (Not Found) @ http://localhost:6010/_next/static/chunks/main-app.js?v=1789997517715:0
[  358948ms] [ERROR] Failed to load resource: the server responded with a status of 404 (Not Found) @ http://localhost:6010/_next/static/chunks/app-pages-internals.js:0
[  359546ms] [ERROR] Failed to load resource: the server responded with a status of 404 (Not Found) @ http://localhost:6010/_next/static/chunks/main-app.js?v=1789997518314:0
[  359546ms] [ERROR] Failed to load resource: the server responded with a status of 404 (Not Found) @ http://localhost:6010/_next/static/chunks/app-pages-internals.js:0
[  360126ms] [ERROR] Failed to load resource: the server responded with a status of 404 (Not Found) @ http://localhost:6010/_next/static/chunks/main-app.js?v=1789997518910:0
[  360128ms] [ERROR] Failed to load resource: the server responded with a status of 404 (Not Found) @ http://localhost:6010/_next/static/chunks/app-pages-internals.js:0
[  360706ms] [ERROR] Failed to load resource: the server responded with a status of 404 (Not Found) @ http://localhost:6010/_next/static/chunks/main-app.js?v=1789997519482:0
[  360706ms] [ERROR] Failed to load resource: the server responded with a status of 404 (Not Found) @ http://localhost:6010/_next/static/chunks/app-pages-internals.js:0
[  361294ms] [ERROR] Failed to load resource: the server responded with a status of 404 (Not Found) @ http://localhost:6010/_next/static/chunks/main-app.js?v=1789997520066:0
[  361294ms] [ERROR] Failed to load resource: the server responded with a status of 404 (Not Found) @ http://localhost:6010/_next/static/chunks/app-pages-internals.js:0
[  361933ms] [ERROR] Failed to load resource: the server responded with a status of 404 (Not Found) @ http://localhost:6010/_next/static/chunks/main-app.js?v=1789997520690:0
[  361934ms] [ERROR] Failed to load resource: the server responded with a status of 404 (Not Found) @ http://localhost:6010/_next/static/chunks/app-pages-internals.js:0
[  362527ms] [ERROR] Failed to load resource: the server responded with a status of 404 (Not Found) @ http://localhost:6010/no-such-page:0
[  362536ms] [ERROR] Failed to load resource: the server responded with a status of 404 (Not Found) @ http://localhost:6010/_next/static/chunks/main-app.js?v=1789997521320:0
[  362539ms] [ERROR] Failed to load resource: the server responded with a status of 404 (Not Found) @ http://localhost:6010/_next/static/chunks/app-pages-internals.js:0
[  363227ms] [ERROR] Failed to load resource: the server responded with a status of 404 (Not Found) @ http://localhost:6010/_next/static/chunks/main-app.js?v=1789997521948:0
[  363227ms] [ERROR] Failed to load resource: the server responded with a status of 404 (Not Found) @ http://localhost:6010/_next/static/chunks/app-pages-internals.js:0
[  363820ms] [ERROR] Failed to load resource: the server responded with a status of 404 (Not Found) @ http://localhost:6010/_next/static/chunks/main-app.js?v=1789997522592:0
[  363820ms] [ERROR] Failed to load resource: the server responded with a status of 404 (Not Found) @ http://localhost:6010/_next/static/chunks/app-pages-internals.js:0
[  364484ms] [ERROR] Failed to load resource: the server responded with a status of 404 (Not Found) @ http://localhost:6010/_next/static/chunks/main-app.js?v=1789997523192:0
[  364484ms] [ERROR] Failed to load resource: the server responded with a status of 404 (Not Found) @ http://localhost:6010/_next/static/chunks/app-pages-internals.js:0
[  365235ms] [ERROR] Failed to load resource: the server responded with a status of 404 (Not Found) @ http://localhost:6010/_next/static/chunks/main-app.js?v=1789997523884:0
[  365236ms] [ERROR] Failed to load resource: the server responded with a status of 404 (Not Found) @ http://localhost:6010/_next/static/chunks/app-pages-internals.js:0
[  365945ms] [ERROR] Failed to load resource: the server responded with a status of 404 (Not Found) @ http://localhost:6010/_next/static/chunks/main-app.js?v=1789997524684:0
[  365945ms] [ERROR] Failed to load resource: the server responded with a status of 404 (Not Found) @ http://localhost:6010/_next/static/chunks/app-pages-internals.js:0
[  366572ms] [ERROR] Failed to load resource: the server responded with a status of 404 (Not Found) @ http://localhost:6010/_next/static/chunks/main-app.js?v=1789997525324:0
[  366572ms] [ERROR] Failed to load resource: the server responded with a status of 404 (Not Found) @ http://localhost:6010/_next/static/chunks/app-pages-internals.js:0
[  367190ms] [ERROR] Failed to load resource: the server responded with a status of 404 (Not Found) @ http://localhost:6010/_next/static/chunks/main-app.js?v=1789997525945:0
[  367195ms] [ERROR] Failed to load resource: the server responded with a status of 404 (Not Found) @ http://localhost:6010/_next/static/chunks/app-pages-internals.js:0
[  367794ms] [ERROR] Failed to load resource: the server responded with a status of 404 (Not Found) @ http://localhost:6010/_next/static/chunks/main-app.js?v=1789997526561:0
[  367795ms] [ERROR] Failed to load resource: the server responded with a status of 404 (Not Found) @ http://localhost:6010/_next/static/chunks/app-pages-internals.js:0
[  368396ms] [ERROR] Failed to load resource: the server responded with a status of 404 (Not Found) @ http://localhost:6010/_next/static/chunks/main-app.js?v=1789997527154:0
[  368397ms] [ERROR] Failed to load resource: the server responded with a status of 404 (Not Found) @ http://localhost:6010/_next/static/chunks/app-pages-internals.js:0
[  368995ms] [ERROR] Failed to load resource: the server responded with a status of 404 (Not Found) @ http://localhost:6010/_next/static/chunks/main-app.js?v=1789997527762:0
[  368995ms] [ERROR] Failed to load resource: the server responded with a status of 404 (Not Found) @ http://localhost:6010/_next/static/chunks/app-pages-internals.js:0
[  369597ms] [ERROR] Failed to load resource: the server responded with a status of 404 (Not Found) @ http://localhost:6010/_next/static/chunks/main-app.js?v=1789997528362:0
[  369597ms] [ERROR] Failed to load resource: the server responded with a status of 404 (Not Found) @ http://localhost:6010/_next/static/chunks/app-pages-internals.js:0
[  370204ms] [ERROR] Failed to load resource: the server responded with a status of 404 (Not Found) @ http://localhost:6010/_next/static/chunks/main-app.js?v=1789997528973:0
[  370204ms] [ERROR] Failed to load resource: the server responded with a status of 404 (Not Found) @ http://localhost:6010/_next/static/chunks/app-pages-internals.js:0
[  370786ms] [ERROR] Failed to load resource: the server responded with a status of 404 (Not Found) @ http://localhost:6010/_next/static/chunks/main-app.js?v=1789997529562:0
[  370786ms] [ERROR] Failed to load resource: the server responded with a status of 404 (Not Found) @ http://localhost:6010/_next/static/chunks/app-pages-internals.js:0
[  371386ms] [ERROR] Failed to load resource: the server responded with a status of 404 (Not Found) @ http://localhost:6010/_next/static/chunks/main-app.js?v=1789997530149:0
[  371387ms] [ERROR] Failed to load resource: the server responded with a status of 404 (Not Found) @ http://localhost:6010/_next/static/chunks/app-pages-internals.js:0
[  371980ms] [ERROR] Failed to load resource: the server responded with a status of 404 (Not Found) @ http://localhost:6010/_next/static/chunks/main-app.js?v=1789997530750:0
[  371981ms] [ERROR] Failed to load resource: the server responded with a status of 404 (Not Found) @ http://localhost:6010/_next/static/chunks/app-pages-internals.js:0
[  372568ms] [ERROR] Failed to load resource: the server responded with a status of 404 (Not Found) @ http://localhost:6010/no-such-page:0
[  372577ms] [ERROR] Failed to load resource: the server responded with a status of 404 (Not Found) @ http://localhost:6010/_next/static/chunks/main-app.js?v=1789997531352:0
[  372580ms] [ERROR] Failed to load resource: the server responded with a status of 404 (Not Found) @ http://localhost:6010/_next/static/chunks/app-pages-internals.js:0
[  373214ms] [ERROR] Failed to load resource: the server responded with a status of 404 (Not Found) @ http://localhost:6010/_next/static/chunks/main-app.js?v=1789997531950:0
[  373214ms] [ERROR] Failed to load resource: the server responded with a status of 404 (Not Found) @ http://localhost:6010/_next/static/chunks/app-pages-internals.js:0
[  373819ms] [ERROR] Failed to load resource: the server responded with a status of 404 (Not Found) @ http://localhost:6010/_next/static/chunks/main-app.js?v=1789997532586:0
[  373819ms] [ERROR] Failed to load resource: the server responded with a status of 404 (Not Found) @ http://localhost:6010/_next/static/chunks/app-pages-internals.js:0
[  374511ms] [ERROR] Failed to load resource: the server responded with a status of 404 (Not Found) @ http://localhost:6010/_next/static/chunks/main-app.js?v=1789997533193:0
[  374511ms] [ERROR] Failed to load resource: the server responded with a status of 404 (Not Found) @ http://localhost:6010/_next/static/chunks/app-pages-internals.js:0
[  375193ms] [ERROR] Failed to load resource: the server responded with a status of 404 (Not Found) @ http://localhost:6010/_next/static/chunks/main-app.js?v=1789997533935:0
[  375193ms] [ERROR] Failed to load resource: the server responded with a status of 404 (Not Found) @ http://localhost:6010/_next/static/chunks/app-pages-internals.js:0
[  375847ms] [ERROR] Failed to load resource: the server responded with a status of 404 (Not Found) @ http://localhost:6010/_next/static/chunks/main-app.js?v=1789997534570:0
[  375847ms] [ERROR] Failed to load resource: the server responded with a status of 404 (Not Found) @ http://localhost:6010/_next/static/chunks/app-pages-internals.js:0
[  376466ms] [ERROR] Failed to load resource: the server responded with a status of 404 (Not Found) @ http://localhost:6010/_next/static/chunks/main-app.js?v=1789997535232:0
[  376467ms] [ERROR] Failed to load resource: the server responded with a status of 404 (Not Found) @ http://localhost:6010/_next/static/chunks/app-pages-internals.js:0
[  377099ms] [ERROR] Failed to load resource: the server responded with a status of 404 (Not Found) @ http://localhost:6010/_next/static/chunks/main-app.js?v=1789997535848:0
[  377100ms] [ERROR] Failed to load resource: the server responded with a status of 404 (Not Found) @ http://localhost:6010/_next/static/chunks/app-pages-internals.js:0
[  377723ms] [ERROR] Failed to load resource: the server responded with a status of 404 (Not Found) @ http://localhost:6010/_next/static/chunks/main-app.js?v=1789997536478:0
[  377730ms] [ERROR] Failed to load resource: the server responded with a status of 404 (Not Found) @ http://localhost:6010/_next/static/chunks/app-pages-internals.js:0
[  378370ms] [ERROR] Failed to load resource: the server responded with a status of 404 (Not Found) @ http://localhost:6010/_next/static/chunks/main-app.js?v=1789997537110:0
[  378371ms] [ERROR] Failed to load resource: the server responded with a status of 404 (Not Found) @ http://localhost:6010/_next/static/chunks/app-pages-internals.js:0
[  378992ms] [ERROR] Failed to load resource: the server responded with a status of 404 (Not Found) @ http://localhost:6010/_next/static/chunks/main-app.js?v=1789997537752:0
[  378992ms] [ERROR] Failed to load resource: the server responded with a status of 404 (Not Found) @ http://localhost:6010/_next/static/chunks/app-pages-internals.js:0
[  379600ms] [ERROR] Failed to load resource: the server responded with a status of 404 (Not Found) @ http://localhost:6010/_next/static/chunks/main-app.js?v=1789997538363:0
[  379601ms] [ERROR] Failed to load resource: the server responded with a status of 404 (Not Found) @ http://localhost:6010/_next/static/chunks/app-pages-internals.js:0
[  380206ms] [ERROR] Failed to load resource: the server responded with a status of 404 (Not Found) @ http://localhost:6010/_next/static/chunks/main-app.js?v=1789997538971:0
[  380206ms] [ERROR] Failed to load resource: the server responded with a status of 404 (Not Found) @ http://localhost:6010/_next/static/chunks/app-pages-internals.js:0
[  380809ms] [ERROR] Failed to load resource: the server responded with a status of 404 (Not Found) @ http://localhost:6010/_next/static/chunks/main-app.js?v=1789997539579:0
[  380810ms] [ERROR] Failed to load resource: the server responded with a status of 404 (Not Found) @ http://localhost:6010/_next/static/chunks/app-pages-internals.js:0
[  381412ms] [ERROR] Failed to load resource: the server responded with a status of 404 (Not Found) @ http://localhost:6010/_next/static/chunks/main-app.js?v=1789997540178:0
[  381412ms] [ERROR] Failed to load resource: the server responded with a status of 404 (Not Found) @ http://localhost:6010/_next/static/chunks/app-pages-internals.js:0
[  382015ms] [ERROR] Failed to load resource: the server responded with a status of 404 (Not Found) @ http://localhost:6010/_next/static/chunks/main-app.js?v=1789997540775:0
[  382017ms] [ERROR] Failed to load resource: the server responded with a status of 404 (Not Found) @ http://localhost:6010/_next/static/chunks/app-pages-internals.js:0
[  382602ms] [ERROR] Failed to load resource: the server responded with a status of 404 (Not Found) @ http://localhost:6010/no-such-page:0
[  382614ms] [ERROR] Failed to load resource: the server responded with a status of 404 (Not Found) @ http://localhost:6010/_next/static/chunks/main-app.js?v=1789997541385:0
[  382615ms] [ERROR] Failed to load resource: the server responded with a status of 404 (Not Found) @ http://localhost:6010/_next/static/chunks/app-pages-internals.js:0
[  383244ms] [ERROR] Failed to load resource: the server responded with a status of 404 (Not Found) @ http://localhost:6010/_next/static/chunks/main-app.js?v=1789997541987:0
[  383244ms] [ERROR] Failed to load resource: the server responded with a status of 404 (Not Found) @ http://localhost:6010/_next/static/chunks/app-pages-internals.js:0
[  383886ms] [ERROR] Failed to load resource: the server responded with a status of 404 (Not Found) @ http://localhost:6010/_next/static/chunks/main-app.js?v=1789997542636:0
[  383886ms] [ERROR] Failed to load resource: the server responded with a status of 404 (Not Found) @ http://localhost:6010/_next/static/chunks/app-pages-internals.js:0
[  384537ms] [ERROR] Failed to load resource: the server responded with a status of 404 (Not Found) @ http://localhost:6010/_next/static/chunks/main-app.js?v=1789997543259:0
[  384537ms] [ERROR] Failed to load resource: the server responded with a status of 404 (Not Found) @ http://localhost:6010/_next/static/chunks/app-pages-internals.js:0
[  385260ms] [ERROR] Failed to load resource: the server responded with a status of 404 (Not Found) @ http://localhost:6010/_next/static/chunks/main-app.js?v=1789997544006:0
[  385260ms] [ERROR] Failed to load resource: the server responded with a status of 404 (Not Found) @ http://localhost:6010/_next/static/chunks/app-pages-internals.js:0
[  385899ms] [ERROR] Failed to load resource: the server responded with a status of 404 (Not Found) @ http://localhost:6010/_next/static/chunks/main-app.js?v=1789997544626:0
[  385899ms] [ERROR] Failed to load resource: the server responded with a status of 404 (Not Found) @ http://localhost:6010/_next/static/chunks/app-pages-internals.js:0
[  386527ms] [ERROR] Failed to load resource: the server responded with a status of 404 (Not Found) @ http://localhost:6010/_next/static/chunks/main-app.js?v=1789997545276:0
[  386527ms] [ERROR] Failed to load resource: the server responded with a status of 404 (Not Found) @ http://localhost:6010/_next/static/chunks/app-pages-internals.js:0
[  387139ms] [ERROR] Failed to load resource: the server responded with a status of 404 (Not Found) @ http://localhost:6010/_next/static/chunks/main-app.js?v=1789997545904:0
[  387139ms] [ERROR] Failed to load resource: the server responded with a status of 404 (Not Found) @ http://localhost:6010/_next/static/chunks/app-pages-internals.js:0
[  387757ms] [ERROR] Failed to load resource: the server responded with a status of 404 (Not Found) @ http://localhost:6010/_next/static/chunks/main-app.js?v=1789997546517:0
[  387757ms] [ERROR] Failed to load resource: the server responded with a status of 404 (Not Found) @ http://localhost:6010/_next/static/chunks/app-pages-internals.js:0
[  388371ms] [ERROR] Failed to load resource: the server responded with a status of 404 (Not Found) @ http://localhost:6010/_next/static/chunks/main-app.js?v=1789997547129:0
[  388372ms] [ERROR] Failed to load resource: the server responded with a status of 404 (Not Found) @ http://localhost:6010/_next/static/chunks/app-pages-internals.js:0
[  388997ms] [ERROR] Failed to load resource: the server responded with a status of 404 (Not Found) @ http://localhost:6010/_next/static/chunks/main-app.js?v=1789997547746:0
[  388997ms] [ERROR] Failed to load resource: the server responded with a status of 404 (Not Found) @ http://localhost:6010/_next/static/chunks/app-pages-internals.js:0
[  389605ms] [ERROR] Failed to load resource: the server responded with a status of 404 (Not Found) @ http://localhost:6010/_next/static/chunks/main-app.js?v=1789997548363:0
[  389605ms] [ERROR] Failed to load resource: the server responded with a status of 404 (Not Found) @ http://localhost:6010/_next/static/chunks/app-pages-internals.js:0
[  390207ms] [ERROR] Failed to load resource: the server responded with a status of 404 (Not Found) @ http://localhost:6010/_next/static/chunks/main-app.js?v=1789997548976:0
[  390210ms] [ERROR] Failed to load resource: the server responded with a status of 404 (Not Found) @ http://localhost:6010/_next/static/chunks/app-pages-internals.js:0
[  390828ms] [ERROR] Failed to load resource: the server responded with a status of 404 (Not Found) @ http://localhost:6010/_next/static/chunks/main-app.js?v=1789997549598:0
[  390829ms] [ERROR] Failed to load resource: the server responded with a status of 404 (Not Found) @ http://localhost:6010/_next/static/chunks/app-pages-internals.js:0
[  391439ms] [ERROR] Failed to load resource: the server responded with a status of 404 (Not Found) @ http://localhost:6010/_next/static/chunks/main-app.js?v=1789997550204:0
[  391439ms] [ERROR] Failed to load resource: the server responded with a status of 404 (Not Found) @ http://localhost:6010/_next/static/chunks/app-pages-internals.js:0
[  392030ms] [ERROR] Failed to load resource: the server responded with a status of 404 (Not Found) @ http://localhost:6010/_next/static/chunks/main-app.js?v=1789997550795:0
[  392030ms] [ERROR] Failed to load resource: the server responded with a status of 404 (Not Found) @ http://localhost:6010/_next/static/chunks/app-pages-internals.js:0
[  392615ms] [ERROR] Failed to load resource: the server responded with a status of 404 (Not Found) @ http://localhost:6010/no-such-page:0
[  392624ms] [ERROR] Failed to load resource: the server responded with a status of 404 (Not Found) @ http://localhost:6010/_next/static/chunks/main-app.js?v=1789997551397:0
[  392626ms] [ERROR] Failed to load resource: the server responded with a status of 404 (Not Found) @ http://localhost:6010/_next/static/chunks/app-pages-internals.js:0
[  393251ms] [ERROR] Failed to load resource: the server responded with a status of 404 (Not Found) @ http://localhost:6010/_next/static/chunks/main-app.js?v=1789997551999:0
[  393251ms] [ERROR] Failed to load resource: the server responded with a status of 404 (Not Found) @ http://localhost:6010/_next/static/chunks/app-pages-internals.js:0
[  393898ms] [ERROR] Failed to load resource: the server responded with a status of 404 (Not Found) @ http://localhost:6010/_next/static/chunks/main-app.js?v=1789997552653:0
[  393898ms] [ERROR] Failed to load resource: the server responded with a status of 404 (Not Found) @ http://localhost:6010/_next/static/chunks/app-pages-internals.js:0
[  394562ms] [ERROR] Failed to load resource: the server responded with a status of 404 (Not Found) @ http://localhost:6010/_next/static/chunks/main-app.js?v=1789997553271:0
[  394563ms] [ERROR] Failed to load resource: the server responded with a status of 404 (Not Found) @ http://localhost:6010/_next/static/chunks/app-pages-internals.js:0
[  395228ms] [ERROR] Failed to load resource: the server responded with a status of 404 (Not Found) @ http://localhost:6010/_next/static/chunks/main-app.js?v=1789997553948:0
[  395228ms] [ERROR] Failed to load resource: the server responded with a status of 404 (Not Found) @ http://localhost:6010/_next/static/chunks/app-pages-internals.js:0
[  395865ms] [ERROR] Failed to load resource: the server responded with a status of 404 (Not Found) @ http://localhost:6010/_next/static/chunks/main-app.js?v=1789997554592:0
[  395865ms] [ERROR] Failed to load resource: the server responded with a status of 404 (Not Found) @ http://localhost:6010/_next/static/chunks/app-pages-internals.js:0
[  396504ms] [ERROR] Failed to load resource: the server responded with a status of 404 (Not Found) @ http://localhost:6010/_next/static/chunks/main-app.js?v=1789997555270:0
[  396504ms] [ERROR] Failed to load resource: the server responded with a status of 404 (Not Found) @ http://localhost:6010/_next/static/chunks/app-pages-internals.js:0
[  397096ms] [ERROR] Failed to load resource: the server responded with a status of 404 (Not Found) @ http://localhost:6010/_next/static/chunks/main-app.js?v=1789997555874:0
[  397098ms] [ERROR] Failed to load resource: the server responded with a status of 404 (Not Found) @ http://localhost:6010/_next/static/chunks/app-pages-internals.js:0
[  397694ms] [ERROR] Failed to load resource: the server responded with a status of 404 (Not Found) @ http://localhost:6010/_next/static/chunks/main-app.js?v=1789997556467:0
[  397695ms] [ERROR] Failed to load resource: the server responded with a status of 404 (Not Found) @ http://localhost:6010/_next/static/chunks/app-pages-internals.js:0
[  398314ms] [ERROR] Failed to load resource: the server responded with a status of 404 (Not Found) @ http://localhost:6010/_next/static/chunks/main-app.js?v=1789997557070:0
[  398314ms] [ERROR] Failed to load resource: the server responded with a status of 404 (Not Found) @ http://localhost:6010/_next/static/chunks/app-pages-internals.js:0
[  398929ms] [ERROR] Failed to load resource: the server responded with a status of 404 (Not Found) @ http://localhost:6010/_next/static/chunks/main-app.js?v=1789997557688:0
[  398929ms] [ERROR] Failed to load resource: the server responded with a status of 404 (Not Found) @ http://localhost:6010/_next/static/chunks/app-pages-internals.js:0
[  399557ms] [ERROR] Failed to load resource: the server responded with a status of 404 (Not Found) @ http://localhost:6010/_next/static/chunks/main-app.js?v=1789997558315:0
[  399557ms] [ERROR] Failed to load resource: the server responded with a status of 404 (Not Found) @ http://localhost:6010/_next/static/chunks/app-pages-internals.js:0
[  400144ms] [ERROR] Failed to load resource: the server responded with a status of 404 (Not Found) @ http://localhost:6010/_next/static/chunks/main-app.js?v=1789997558920:0
[  400146ms] [ERROR] Failed to load resource: the server responded with a status of 404 (Not Found) @ http://localhost:6010/_next/static/chunks/app-pages-internals.js:0
[  400752ms] [ERROR] Failed to load resource: the server responded with a status of 404 (Not Found) @ http://localhost:6010/_next/static/chunks/main-app.js?v=1789997559513:0
[  400752ms] [ERROR] Failed to load resource: the server responded with a status of 404 (Not Found) @ http://localhost:6010/_next/static/chunks/app-pages-internals.js:0
[  401617ms] [ERROR] Failed to load resource: the server responded with a status of 404 (Not Found) @ http://localhost:6010/_next/static/chunks/main-app.js?v=1789997560149:0
[  401642ms] [ERROR] Failed to load resource: the server responded with a status of 404 (Not Found) @ http://localhost:6010/_next/static/chunks/app-pages-internals.js:0
[  402243ms] [ERROR] Failed to load resource: the server responded with a status of 404 (Not Found) @ http://localhost:6010/_next/static/chunks/main-app.js?v=1789997561013:0
[  402243ms] [ERROR] Failed to load resource: the server responded with a status of 404 (Not Found) @ http://localhost:6010/_next/static/chunks/app-pages-internals.js:0
[  402835ms] [ERROR] Failed to load resource: the server responded with a status of 404 (Not Found) @ http://localhost:6010/no-such-page:0
[  402847ms] [ERROR] Failed to load resource: the server responded with a status of 404 (Not Found) @ http://localhost:6010/_next/static/chunks/main-app.js?v=1789997561613:0
[  402848ms] [ERROR] Failed to load resource: the server responded with a status of 404 (Not Found) @ http://localhost:6010/_next/static/chunks/app-pages-internals.js:0
[  403477ms] [ERROR] Failed to load resource: the server responded with a status of 404 (Not Found) @ http://localhost:6010/_next/static/chunks/main-app.js?v=1789997562223:0
[  403477ms] [ERROR] Failed to load resource: the server responded with a status of 404 (Not Found) @ http://localhost:6010/_next/static/chunks/app-pages-internals.js:0
[  439204ms] [ERROR] Failed to load resource: the server responded with a status of 404 (Not Found) @ http://localhost:6010/_next/static/chunks/main-app.js?v=1789997597871:0
[  439206ms] [ERROR] Failed to load resource: the server responded with a status of 404 (Not Found) @ http://localhost:6010/_next/static/chunks/app-pages-internals.js:0
[  439471ms] [ERROR] Failed to load resource: the server responded with a status of 404 (Not Found) @ http://localhost:6010/_next/static/chunks/main-app.js?v=1789997598225:0
[  439474ms] [ERROR] Failed to load resource: the server responded with a status of 404 (Not Found) @ http://localhost:6010/_next/static/chunks/app-pages-internals.js:0
[  439752ms] [ERROR] Failed to load resource: the server responded with a status of 404 (Not Found) @ http://localhost:6010/_next/static/chunks/main-app.js?v=1789997598471:0
[  439753ms] [ERROR] Failed to load resource: the server responded with a status of 404 (Not Found) @ http://localhost:6010/_next/static/chunks/app-pages-internals.js:0
[  440031ms] [ERROR] Failed to load resource: the server responded with a status of 404 (Not Found) @ http://localhost:6010/_next/static/chunks/main-app.js?v=1789997598774:0
[  440032ms] [ERROR] Failed to load resource: the server responded with a status of 404 (Not Found) @ http://localhost:6010/_next/static/chunks/app-pages-internals.js:0
[  440284ms] [ERROR] Failed to load resource: the server responded with a status of 404 (Not Found) @ http://localhost:6010/_next/static/chunks/main-app.js?v=1789997599039:0
[  440284ms] [ERROR] Failed to load resource: the server responded with a status of 404 (Not Found) @ http://localhost:6010/_next/static/chunks/app-pages-internals.js:0
[  440525ms] [ERROR] Failed to load resource: the server responded with a status of 404 (Not Found) @ http://localhost:6010/_next/static/chunks/main-app.js?v=1789997599293:0
[  440526ms] [ERROR] Failed to load resource: the server responded with a status of 404 (Not Found) @ http://localhost:6010/_next/static/chunks/app-pages-internals.js:0
[  440757ms] [ERROR] Failed to load resource: the server responded with a status of 404 (Not Found) @ http://localhost:6010/_next/static/chunks/main-app.js?v=1789997599521:0
[  440757ms] [ERROR] Failed to load resource: the server responded with a status of 404 (Not Found) @ http://localhost:6010/_next/static/chunks/app-pages-internals.js:0
[  440981ms] [ERROR] Failed to load resource: the server responded with a status of 404 (Not Found) @ http://localhost:6010/_next/static/chunks/main-app.js?v=1789997599751:0
[  440981ms] [ERROR] Failed to load resource: the server responded with a status of 404 (Not Found) @ http://localhost:6010/_next/static/chunks/app-pages-internals.js:0
[  441221ms] [ERROR] Failed to load resource: the server responded with a status of 404 (Not Found) @ http://localhost:6010/_next/static/chunks/main-app.js?v=1789997599992:0
[  441221ms] [ERROR] Failed to load resource: the server responded with a status of 404 (Not Found) @ http://localhost:6010/_next/static/chunks/app-pages-internals.js:0
[  441453ms] [ERROR] Failed to load resource: the server responded with a status of 404 (Not Found) @ http://localhost:6010/_next/static/chunks/main-app.js?v=1789997600230:0
[  441453ms] [ERROR] Failed to load resource: the server responded with a status of 404 (Not Found) @ http://localhost:6010/_next/static/chunks/app-pages-internals.js:0
[  441672ms] [ERROR] Failed to load resource: the server responded with a status of 404 (Not Found) @ http://localhost:6010/_next/static/chunks/main-app.js?v=1789997600450:0
[  441673ms] [ERROR] Failed to load resource: the server responded with a status of 404 (Not Found) @ http://localhost:6010/_next/static/chunks/app-pages-internals.js:0
[  441885ms] [ERROR] Failed to load resource: the server responded with a status of 404 (Not Found) @ http://localhost:6010/_next/static/chunks/main-app.js?v=1789997600658:0
[  441887ms] [ERROR] Failed to load resource: the server responded with a status of 404 (Not Found) @ http://localhost:6010/_next/static/chunks/app-pages-internals.js:0
[  442124ms] [ERROR] Failed to load resource: the server responded with a status of 404 (Not Found) @ http://localhost:6010/_next/static/chunks/main-app.js?v=1789997600899:0
[  442127ms] [ERROR] Failed to load resource: the server responded with a status of 404 (Not Found) @ http://localhost:6010/_next/static/chunks/app-pages-internals.js:0
[  442345ms] [ERROR] Failed to load resource: the server responded with a status of 404 (Not Found) @ http://localhost:6010/_next/static/chunks/main-app.js?v=1789997601120:0
[  442345ms] [ERROR] Failed to load resource: the server responded with a status of 404 (Not Found) @ http://localhost:6010/_next/static/chunks/app-pages-internals.js:0
[  442550ms] [ERROR] Failed to load resource: the server responded with a status of 404 (Not Found) @ http://localhost:6010/no-such-page:0
[  442559ms] [ERROR] Failed to load resource: the server responded with a status of 404 (Not Found) @ http://localhost:6010/_next/static/chunks/main-app.js?v=1789997601341:0
[  442559ms] [ERROR] Failed to load resource: the server responded with a status of 404 (Not Found) @ http://localhost:6010/_next/static/chunks/app-pages-internals.js:0
[  442792ms] [ERROR] Failed to load resource: the server responded with a status of 404 (Not Found) @ http://localhost:6010/_next/static/chunks/main-app.js?v=1789997601544:0
[  442792ms] [ERROR] Failed to load resource: the server responded with a status of 404 (Not Found) @ http://localhost:6010/_next/static/chunks/app-pages-internals.js:0
[  443014ms] [ERROR] Failed to load resource: the server responded with a status of 404 (Not Found) @ http://localhost:6010/_next/static/chunks/main-app.js?v=1789997601789:0
[  443014ms] [ERROR] Failed to load resource: the server responded with a status of 404 (Not Found) @ http://localhost:6010/_next/static/chunks/app-pages-internals.js:0
[  443265ms] [ERROR] Failed to load resource: the server responded with a status of 404 (Not Found) @ http://localhost:6010/_next/static/chunks/main-app.js?v=1789997601998:0
[  443266ms] [ERROR] Failed to load resource: the server responded with a status of 404 (Not Found) @ http://localhost:6010/_next/static/chunks/app-pages-internals.js:0
[  443529ms] [ERROR] Failed to load resource: the server responded with a status of 404 (Not Found) @ http://localhost:6010/_next/static/chunks/main-app.js?v=1789997602272:0
[  443529ms] [ERROR] Failed to load resource: the server responded with a status of 404 (Not Found) @ http://localhost:6010/_next/static/chunks/app-pages-internals.js:0
[  443763ms] [ERROR] Failed to load resource: the server responded with a status of 404 (Not Found) @ http://localhost:6010/_next/static/chunks/main-app.js?v=1789997602524:0
[  443763ms] [ERROR] Failed to load resource: the server responded with a status of 404 (Not Found) @ http://localhost:6010/_next/static/chunks/app-pages-internals.js:0
[  443999ms] [ERROR] Failed to load resource: the server responded with a status of 404 (Not Found) @ http://localhost:6010/_next/static/chunks/main-app.js?v=1789997602770:0
[  443999ms] [ERROR] Failed to load resource: the server responded with a status of 404 (Not Found) @ http://localhost:6010/_next/static/chunks/app-pages-internals.js:0
[  444218ms] [ERROR] Failed to load resource: the server responded with a status of 404 (Not Found) @ http://localhost:6010/_next/static/chunks/main-app.js?v=1789997602993:0
[  444225ms] [ERROR] Failed to load resource: the server responded with a status of 404 (Not Found) @ http://localhost:6010/_next/static/chunks/app-pages-internals.js:0
[  444440ms] [ERROR] Failed to load resource: the server responded with a status of 404 (Not Found) @ http://localhost:6010/_next/static/chunks/main-app.js?v=1789997603214:0
[  444440ms] [ERROR] Failed to load resource: the server responded with a status of 404 (Not Found) @ http://localhost:6010/_next/static/chunks/app-pages-internals.js:0
[  444677ms] [ERROR] Failed to load resource: the server responded with a status of 404 (Not Found) @ http://localhost:6010/_next/static/chunks/main-app.js?v=1789997603446:0
[  444677ms] [ERROR] Failed to load resource: the server responded with a status of 404 (Not Found) @ http://localhost:6010/_next/static/chunks/app-pages-internals.js:0
[  444895ms] [ERROR] Failed to load resource: the server responded with a status of 404 (Not Found) @ http://localhost:6010/_next/static/chunks/main-app.js?v=1789997603672:0
[  444895ms] [ERROR] Failed to load resource: the server responded with a status of 404 (Not Found) @ http://localhost:6010/_next/static/chunks/app-pages-internals.js:0
[  445129ms] [ERROR] Failed to load resource: the server responded with a status of 404 (Not Found) @ http://localhost:6010/_next/static/chunks/main-app.js?v=1789997603910:0
[  445130ms] [ERROR] Failed to load resource: the server responded with a status of 404 (Not Found) @ http://localhost:6010/_next/static/chunks/app-pages-internals.js:0
[  445407ms] [ERROR] Failed to load resource: the server responded with a status of 404 (Not Found) @ http://localhost:6010/_next/static/chunks/main-app.js?v=1789997604173:0
[  445407ms] [ERROR] Failed to load resource: the server responded with a status of 404 (Not Found) @ http://localhost:6010/_next/static/chunks/app-pages-internals.js:0
[  445636ms] [ERROR] Failed to load resource: the server responded with a status of 404 (Not Found) @ http://localhost:6010/_next/static/chunks/main-app.js?v=1789997604415:0
[  445636ms] [ERROR] Failed to load resource: the server responded with a status of 404 (Not Found) @ http://localhost:6010/_next/static/chunks/app-pages-internals.js:0
[  445846ms] [ERROR] Failed to load resource: the server responded with a status of 404 (Not Found) @ http://localhost:6010/_next/static/chunks/main-app.js?v=1789997604626:0
[  445848ms] [ERROR] Failed to load resource: the server responded with a status of 404 (Not Found) @ http://localhost:6010/_next/static/chunks/app-pages-internals.js:0
[  446038ms] [ERROR] Failed to load resource: the server responded with a status of 404 (Not Found) @ http://localhost:6010/no-such-page:0
[  446052ms] [ERROR] Failed to load resource: the server responded with a status of 404 (Not Found) @ http://localhost:6010/_next/static/chunks/main-app.js?v=1789997604835:0
[  446053ms] [ERROR] Failed to load resource: the server responded with a status of 404 (Not Found) @ http://localhost:6010/_next/static/chunks/app-pages-internals.js:0
[  446284ms] [ERROR] Failed to load resource: the server responded with a status of 404 (Not Found) @ http://localhost:6010/_next/static/chunks/main-app.js?v=1789997605027:0
[  446284ms] [ERROR] Failed to load resource: the server responded with a status of 404 (Not Found) @ http://localhost:6010/_next/static/chunks/app-pages-internals.js:0
[  446507ms] [ERROR] Failed to load resource: the server responded with a status of 404 (Not Found) @ http://localhost:6010/_next/static/chunks/main-app.js?v=1789997605284:0
[  446508ms] [ERROR] Failed to load resource: the server responded with a status of 404 (Not Found) @ http://localhost:6010/_next/static/chunks/app-pages-internals.js:0
[  446829ms] [ERROR] Failed to load resource: the server responded with a status of 404 (Not Found) @ http://localhost:6010/_next/static/chunks/main-app.js?v=1789997605513:0
[  446829ms] [ERROR] Failed to load resource: the server responded with a status of 404 (Not Found) @ http://localhost:6010/_next/static/chunks/app-pages-internals.js:0
[  447080ms] [ERROR] Failed to load resource: the server responded with a status of 404 (Not Found) @ http://localhost:6010/_next/static/chunks/main-app.js?v=1789997605834:0
[  447081ms] [ERROR] Failed to load resource: the server responded with a status of 404 (Not Found) @ http://localhost:6010/_next/static/chunks/app-pages-internals.js:0
[  447313ms] [ERROR] Failed to load resource: the server responded with a status of 404 (Not Found) @ http://localhost:6010/_next/static/chunks/main-app.js?v=1789997606087:0
[  447313ms] [ERROR] Failed to load resource: the server responded with a status of 404 (Not Found) @ http://localhost:6010/_next/static/chunks/app-pages-internals.js:0
[  447528ms] [ERROR] Failed to load resource: the server responded with a status of 404 (Not Found) @ http://localhost:6010/_next/static/chunks/main-app.js?v=1789997606305:0
[  447530ms] [ERROR] Failed to load resource: the server responded with a status of 404 (Not Found) @ http://localhost:6010/_next/static/chunks/app-pages-internals.js:0
[  447758ms] [ERROR] Failed to load resource: the server responded with a status of 404 (Not Found) @ http://localhost:6010/_next/static/chunks/main-app.js?v=1789997606525:0
[  447759ms] [ERROR] Failed to load resource: the server responded with a status of 404 (Not Found) @ http://localhost:6010/_next/static/chunks/app-pages-internals.js:0
[  447978ms] [ERROR] Failed to load resource: the server responded with a status of 404 (Not Found) @ http://localhost:6010/_next/static/chunks/main-app.js?v=1789997606749:0
[  447978ms] [ERROR] Failed to load resource: the server responded with a status of 404 (Not Found) @ http://localhost:6010/_next/static/chunks/app-pages-internals.js:0
[  448201ms] [ERROR] Failed to load resource: the server responded with a status of 404 (Not Found) @ http://localhost:6010/_next/static/chunks/main-app.js?v=1789997606973:0
[  448203ms] [ERROR] Failed to load resource: the server responded with a status of 404 (Not Found) @ http://localhost:6010/_next/static/chunks/app-pages-internals.js:0
[  448417ms] [ERROR] Failed to load resource: the server responded with a status of 404 (Not Found) @ http://localhost:6010/_next/static/chunks/main-app.js?v=1789997607195:0
[  448417ms] [ERROR] Failed to load resource: the server responded with a status of 404 (Not Found) @ http://localhost:6010/_next/static/chunks/app-pages-internals.js:0
[  448634ms] [ERROR] Failed to load resource: the server responded with a status of 404 (Not Found) @ http://localhost:6010/_next/static/chunks/main-app.js?v=1789997607414:0
[  448635ms] [ERROR] Failed to load resource: the server responded with a status of 404 (Not Found) @ http://localhost:6010/_next/static/chunks/app-pages-internals.js:0
[  448844ms] [ERROR] Failed to load resource: the server responded with a status of 404 (Not Found) @ http://localhost:6010/_next/static/chunks/main-app.js?v=1789997607619:0
[  448844ms] [ERROR] Failed to load resource: the server responded with a status of 404 (Not Found) @ http://localhost:6010/_next/static/chunks/app-pages-internals.js:0
[  449063ms] [ERROR] Failed to load resource: the server responded with a status of 404 (Not Found) @ http://localhost:6010/_next/static/chunks/main-app.js?v=1789997607839:0
[  449064ms] [ERROR] Failed to load resource: the server responded with a status of 404 (Not Found) @ http://localhost:6010/_next/static/chunks/app-pages-internals.js:0
[  449286ms] [ERROR] Failed to load resource: the server responded with a status of 404 (Not Found) @ http://localhost:6010/_next/static/chunks/main-app.js?v=1789997608057:0
[  449289ms] [ERROR] Failed to load resource: the server responded with a status of 404 (Not Found) @ http://localhost:6010/_next/static/chunks/app-pages-internals.js:0
[  449500ms] [ERROR] Failed to load resource: the server responded with a status of 404 (Not Found) @ http://localhost:6010/no-such-page:0
[  449512ms] [ERROR] Failed to load resource: the server responded with a status of 404 (Not Found) @ http://localhost:6010/_next/static/chunks/main-app.js?v=1789997608288:0
[  449513ms] [ERROR] Failed to load resource: the server responded with a status of 404 (Not Found) @ http://localhost:6010/_next/static/chunks/app-pages-internals.js:0
[  449749ms] [ERROR] Failed to load resource: the server responded with a status of 404 (Not Found) @ http://localhost:6010/_next/static/chunks/main-app.js?v=1789997608496:0
[  449749ms] [ERROR] Failed to load resource: the server responded with a status of 404 (Not Found) @ http://localhost:6010/_next/static/chunks/app-pages-internals.js:0
[  449982ms] [ERROR] Failed to load resource: the server responded with a status of 404 (Not Found) @ http://localhost:6010/_next/static/chunks/main-app.js?v=1789997608754:0
[  449982ms] [ERROR] Failed to load resource: the server responded with a status of 404 (Not Found) @ http://localhost:6010/_next/static/chunks/app-pages-internals.js:0
[  450232ms] [ERROR] Failed to load resource: the server responded with a status of 404 (Not Found) @ http://localhost:6010/_next/static/chunks/main-app.js?v=1789997608966:0
[  450233ms] [ERROR] Failed to load resource: the server responded with a status of 404 (Not Found) @ http://localhost:6010/_next/static/chunks/app-pages-internals.js:0
[  450496ms] [ERROR] Failed to load resource: the server responded with a status of 404 (Not Found) @ http://localhost:6010/_next/static/chunks/main-app.js?v=1789997609239:0
[  450497ms] [ERROR] Failed to load resource: the server responded with a status of 404 (Not Found) @ http://localhost:6010/_next/static/chunks/app-pages-internals.js:0
[  450731ms] [ERROR] Failed to load resource: the server responded with a status of 404 (Not Found) @ http://localhost:6010/_next/static/chunks/main-app.js?v=1789997609505:0
[  450732ms] [ERROR] Failed to load resource: the server responded with a status of 404 (Not Found) @ http://localhost:6010/_next/static/chunks/app-pages-internals.js:0
[  450948ms] [ERROR] Failed to load resource: the server responded with a status of 404 (Not Found) @ http://localhost:6010/_next/static/chunks/main-app.js?v=1789997609728:0
[  450949ms] [ERROR] Failed to load resource: the server responded with a status of 404 (Not Found) @ http://localhost:6010/_next/static/chunks/app-pages-internals.js:0
[  451179ms] [ERROR] Failed to load resource: the server responded with a status of 404 (Not Found) @ http://localhost:6010/_next/static/chunks/main-app.js?v=1789997609945:0
[  451180ms] [ERROR] Failed to load resource: the server responded with a status of 404 (Not Found) @ http://localhost:6010/_next/static/chunks/app-pages-internals.js:0
[  451400ms] [ERROR] Failed to load resource: the server responded with a status of 404 (Not Found) @ http://localhost:6010/_next/static/chunks/main-app.js?v=1789997610171:0
[  451401ms] [ERROR] Failed to load resource: the server responded with a status of 404 (Not Found) @ http://localhost:6010/_next/static/chunks/app-pages-internals.js:0
[  451629ms] [ERROR] Failed to load resource: the server responded with a status of 404 (Not Found) @ http://localhost:6010/_next/static/chunks/main-app.js?v=1789997610398:0
[  451629ms] [ERROR] Failed to load resource: the server responded with a status of 404 (Not Found) @ http://localhost:6010/_next/static/chunks/app-pages-internals.js:0
[  451851ms] [ERROR] Failed to load resource: the server responded with a status of 404 (Not Found) @ http://localhost:6010/_next/static/chunks/main-app.js?v=1789997610623:0
[  451851ms] [ERROR] Failed to load resource: the server responded with a status of 404 (Not Found) @ http://localhost:6010/_next/static/chunks/app-pages-internals.js:0
[  452069ms] [ERROR] Failed to load resource: the server responded with a status of 404 (Not Found) @ http://localhost:6010/_next/static/chunks/main-app.js?v=1789997610847:0
[  452070ms] [ERROR] Failed to load resource: the server responded with a status of 404 (Not Found) @ http://localhost:6010/_next/static/chunks/app-pages-internals.js:0
[  452276ms] [ERROR] Failed to load resource: the server responded with a status of 404 (Not Found) @ http://localhost:6010/_next/static/chunks/main-app.js?v=1789997611052:0
[  452277ms] [ERROR] Failed to load resource: the server responded with a status of 404 (Not Found) @ http://localhost:6010/_next/static/chunks/app-pages-internals.js:0
[  452493ms] [ERROR] Failed to load resource: the server responded with a status of 404 (Not Found) @ http://localhost:6010/_next/static/chunks/main-app.js?v=1789997611271:0
[  452494ms] [ERROR] Failed to load resource: the server responded with a status of 404 (Not Found) @ http://localhost:6010/_next/static/chunks/app-pages-internals.js:0
[  452707ms] [ERROR] Failed to load resource: the server responded with a status of 404 (Not Found) @ http://localhost:6010/_next/static/chunks/main-app.js?v=1789997611484:0
[  452707ms] [ERROR] Failed to load resource: the server responded with a status of 404 (Not Found) @ http://localhost:6010/_next/static/chunks/app-pages-internals.js:0
[  452908ms] [ERROR] Failed to load resource: the server responded with a status of 404 (Not Found) @ http://localhost:6010/no-such-page:0
[  452916ms] [ERROR] Failed to load resource: the server responded with a status of 404 (Not Found) @ http://localhost:6010/_next/static/chunks/main-app.js?v=1789997611697:0
[  452917ms] [ERROR] Failed to load resource: the server responded with a status of 404 (Not Found) @ http://localhost:6010/_next/static/chunks/app-pages-internals.js:0
[  453190ms] [ERROR] Failed to load resource: the server responded with a status of 404 (Not Found) @ http://localhost:6010/_next/static/chunks/main-app.js?v=1789997611906:0
[  453190ms] [ERROR] Failed to load resource: the server responded with a status of 404 (Not Found) @ http://localhost:6010/_next/static/chunks/app-pages-internals.js:0
[  453390ms] [ERROR] Failed to load resource: the server responded with a status of 404 (Not Found) @ http://localhost:6010/_next/static/chunks/main-app.js?v=1789997612168:0
[  453390ms] [ERROR] Failed to load resource: the server responded with a status of 404 (Not Found) @ http://localhost:6010/_next/static/chunks/app-pages-internals.js:0
[  453637ms] [ERROR] Failed to load resource: the server responded with a status of 404 (Not Found) @ http://localhost:6010/_next/static/chunks/main-app.js?v=1789997612375:0
[  453637ms] [ERROR] Failed to load resource: the server responded with a status of 404 (Not Found) @ http://localhost:6010/_next/static/chunks/app-pages-internals.js:0
[  453881ms] [ERROR] Failed to load resource: the server responded with a status of 404 (Not Found) @ http://localhost:6010/_next/static/chunks/main-app.js?v=1789997612637:0
[  453882ms] [ERROR] Failed to load resource: the server responded with a status of 404 (Not Found) @ http://localhost:6010/_next/static/chunks/app-pages-internals.js:0
[  454113ms] [ERROR] Failed to load resource: the server responded with a status of 404 (Not Found) @ http://localhost:6010/_next/static/chunks/main-app.js?v=1789997612886:0
[  454113ms] [ERROR] Failed to load resource: the server responded with a status of 404 (Not Found) @ http://localhost:6010/_next/static/chunks/app-pages-internals.js:0
[  454331ms] [ERROR] Failed to load resource: the server responded with a status of 404 (Not Found) @ http://localhost:6010/_next/static/chunks/main-app.js?v=1789997613109:0
[  454332ms] [ERROR] Failed to load resource: the server responded with a status of 404 (Not Found) @ http://localhost:6010/_next/static/chunks/app-pages-internals.js:0
[  454560ms] [ERROR] Failed to load resource: the server responded with a status of 404 (Not Found) @ http://localhost:6010/_next/static/chunks/main-app.js?v=1789997613328:0
[  454560ms] [ERROR] Failed to load resource: the server responded with a status of 404 (Not Found) @ http://localhost:6010/_next/static/chunks/app-pages-internals.js:0
[  454776ms] [ERROR] Failed to load resource: the server responded with a status of 404 (Not Found) @ http://localhost:6010/_next/static/chunks/main-app.js?v=1789997613550:0
[  454777ms] [ERROR] Failed to load resource: the server responded with a status of 404 (Not Found) @ http://localhost:6010/_next/static/chunks/app-pages-internals.js:0
[  454999ms] [ERROR] Failed to load resource: the server responded with a status of 404 (Not Found) @ http://localhost:6010/_next/static/chunks/main-app.js?v=1789997613771:0
[  454999ms] [ERROR] Failed to load resource: the server responded with a status of 404 (Not Found) @ http://localhost:6010/_next/static/chunks/app-pages-internals.js:0
[  455222ms] [ERROR] Failed to load resource: the server responded with a status of 404 (Not Found) @ http://localhost:6010/_next/static/chunks/main-app.js?v=1789997613995:0
[  455222ms] [ERROR] Failed to load resource: the server responded with a status of 404 (Not Found) @ http://localhost:6010/_next/static/chunks/app-pages-internals.js:0
[  455455ms] [ERROR] Failed to load resource: the server responded with a status of 404 (Not Found) @ http://localhost:6010/_next/static/chunks/main-app.js?v=1789997614235:0
[  455455ms] [ERROR] Failed to load resource: the server responded with a status of 404 (Not Found) @ http://localhost:6010/_next/static/chunks/app-pages-internals.js:0
[  455667ms] [ERROR] Failed to load resource: the server responded with a status of 404 (Not Found) @ http://localhost:6010/_next/static/chunks/main-app.js?v=1789997614444:0
[  455667ms] [ERROR] Failed to load resource: the server responded with a status of 404 (Not Found) @ http://localhost:6010/_next/static/chunks/app-pages-internals.js:0
[  455879ms] [ERROR] Failed to load resource: the server responded with a status of 404 (Not Found) @ http://localhost:6010/_next/static/chunks/main-app.js?v=1789997614661:0
[  455881ms] [ERROR] Failed to load resource: the server responded with a status of 404 (Not Found) @ http://localhost:6010/_next/static/chunks/app-pages-internals.js:0
[  456095ms] [ERROR] Failed to load resource: the server responded with a status of 404 (Not Found) @ http://localhost:6010/_next/static/chunks/main-app.js?v=1789997614872:0
[  456096ms] [ERROR] Failed to load resource: the server responded with a status of 404 (Not Found) @ http://localhost:6010/_next/static/chunks/app-pages-internals.js:0
[  456293ms] [ERROR] Failed to load resource: the server responded with a status of 404 (Not Found) @ http://localhost:6010/no-such-page:0
[  456300ms] [ERROR] Failed to load resource: the server responded with a status of 404 (Not Found) @ http://localhost:6010/_next/static/chunks/main-app.js?v=1789997615086:0
[  456301ms] [ERROR] Failed to load resource: the server responded with a status of 404 (Not Found) @ http://localhost:6010/_next/static/chunks/app-pages-internals.js:0
[  456530ms] [ERROR] Failed to load resource: the server responded with a status of 404 (Not Found) @ http://localhost:6010/_next/static/chunks/main-app.js?v=1789997615286:0
[  456530ms] [ERROR] Failed to load resource: the server responded with a status of 404 (Not Found) @ http://localhost:6010/_next/static/chunks/app-pages-internals.js:0
[  456754ms] [ERROR] Failed to load resource: the server responded with a status of 404 (Not Found) @ http://localhost:6010/_next/static/chunks/main-app.js?v=1789997615529:0
[  456755ms] [ERROR] Failed to load resource: the server responded with a status of 404 (Not Found) @ http://localhost:6010/_next/static/chunks/app-pages-internals.js:0
[  456997ms] [ERROR] Failed to load resource: the server responded with a status of 404 (Not Found) @ http://localhost:6010/_next/static/chunks/main-app.js?v=1789997615739:0
[  456997ms] [ERROR] Failed to load resource: the server responded with a status of 404 (Not Found) @ http://localhost:6010/_next/static/chunks/app-pages-internals.js:0
[  457245ms] [ERROR] Failed to load resource: the server responded with a status of 404 (Not Found) @ http://localhost:6010/_next/static/chunks/main-app.js?v=1789997615995:0
[  457245ms] [ERROR] Failed to load resource: the server responded with a status of 404 (Not Found) @ http://localhost:6010/_next/static/chunks/app-pages-internals.js:0
[  457479ms] [ERROR] Failed to load resource: the server responded with a status of 404 (Not Found) @ http://localhost:6010/_next/static/chunks/main-app.js?v=1789997616247:0
[  457479ms] [ERROR] Failed to load resource: the server responded with a status of 404 (Not Found) @ http://localhost:6010/_next/static/chunks/app-pages-internals.js:0
[  457701ms] [ERROR] Failed to load resource: the server responded with a status of 404 (Not Found) @ http://localhost:6010/_next/static/chunks/main-app.js?v=1789997616479:0
[  457702ms] [ERROR] Failed to load resource: the server responded with a status of 404 (Not Found) @ http://localhost:6010/_next/static/chunks/app-pages-internals.js:0
[  457927ms] [ERROR] Failed to load resource: the server responded with a status of 404 (Not Found) @ http://localhost:6010/_next/static/chunks/main-app.js?v=1789997616698:0
[  457928ms] [ERROR] Failed to load resource: the server responded with a status of 404 (Not Found) @ http://localhost:6010/_next/static/chunks/app-pages-internals.js:0
[  458142ms] [ERROR] Failed to load resource: the server responded with a status of 404 (Not Found) @ http://localhost:6010/_next/static/chunks/main-app.js?v=1789997616917:0
[  458142ms] [ERROR] Failed to load resource: the server responded with a status of 404 (Not Found) @ http://localhost:6010/_next/static/chunks/app-pages-internals.js:0
[  458366ms] [ERROR] Failed to load resource: the server responded with a status of 404 (Not Found) @ http://localhost:6010/_next/static/chunks/main-app.js?v=1789997617138:0
[  458367ms] [ERROR] Failed to load resource: the server responded with a status of 404 (Not Found) @ http://localhost:6010/_next/static/chunks/app-pages-internals.js:0
[  458589ms] [ERROR] Failed to load resource: the server responded with a status of 404 (Not Found) @ http://localhost:6010/_next/static/chunks/main-app.js?v=1789997617363:0
[  458589ms] [ERROR] Failed to load resource: the server responded with a status of 404 (Not Found) @ http://localhost:6010/_next/static/chunks/app-pages-internals.js:0
[  458824ms] [ERROR] Failed to load resource: the server responded with a status of 404 (Not Found) @ http://localhost:6010/_next/static/chunks/main-app.js?v=1789997617603:0
[  458825ms] [ERROR] Failed to load resource: the server responded with a status of 404 (Not Found) @ http://localhost:6010/_next/static/chunks/app-pages-internals.js:0
[  459029ms] [ERROR] Failed to load resource: the server responded with a status of 404 (Not Found) @ http://localhost:6010/_next/static/chunks/main-app.js?v=1789997617808:0
[  459029ms] [ERROR] Failed to load resource: the server responded with a status of 404 (Not Found) @ http://localhost:6010/_next/static/chunks/app-pages-internals.js:0
[  459239ms] [ERROR] Failed to load resource: the server responded with a status of 404 (Not Found) @ http://localhost:6010/_next/static/chunks/main-app.js?v=1789997618019:0
[  459239ms] [ERROR] Failed to load resource: the server responded with a status of 404 (Not Found) @ http://localhost:6010/_next/static/chunks/app-pages-internals.js:0
[  459458ms] [ERROR] Failed to load resource: the server responded with a status of 404 (Not Found) @ http://localhost:6010/_next/static/chunks/main-app.js?v=1789997618233:0
[  459458ms] [ERROR] Failed to load resource: the server responded with a status of 404 (Not Found) @ http://localhost:6010/_next/static/chunks/app-pages-internals.js:0
[  459659ms] [ERROR] Failed to load resource: the server responded with a status of 404 (Not Found) @ http://localhost:6010/no-such-page:0
[  459666ms] [ERROR] Failed to load resource: the server responded with a status of 404 (Not Found) @ http://localhost:6010/_next/static/chunks/main-app.js?v=1789997618451:0
[  459667ms] [ERROR] Failed to load resource: the server responded with a status of 404 (Not Found) @ http://localhost:6010/_next/static/chunks/app-pages-internals.js:0
[  459906ms] [ERROR] Failed to load resource: the server responded with a status of 404 (Not Found) @ http://localhost:6010/_next/static/chunks/main-app.js?v=1789997618657:0
[  459906ms] [ERROR] Failed to load resource: the server responded with a status of 404 (Not Found) @ http://localhost:6010/_next/static/chunks/app-pages-internals.js:0
[  460127ms] [ERROR] Failed to load resource: the server responded with a status of 404 (Not Found) @ http://localhost:6010/_next/static/chunks/main-app.js?v=1789997618903:0
[  460129ms] [ERROR] Failed to load resource: the server responded with a status of 404 (Not Found) @ http://localhost:6010/_next/static/chunks/app-pages-internals.js:0
[  460925ms] [ERROR] Failed to load resource: the server responded with a status of 404 (Not Found) @ http://localhost:6010/_next/static/chunks/main-app.js?v=1789997619112:0
[  460925ms] [ERROR] Failed to load resource: the server responded with a status of 404 (Not Found) @ http://localhost:6010/_next/static/chunks/app-pages-internals.js:0
[  461191ms] [ERROR] Failed to load resource: the server responded with a status of 404 (Not Found) @ http://localhost:6010/_next/static/chunks/main-app.js?v=1789997619927:0
[  461191ms] [ERROR] Failed to load resource: the server responded with a status of 404 (Not Found) @ http://localhost:6010/_next/static/chunks/app-pages-internals.js:0
[  461417ms] [ERROR] Failed to load resource: the server responded with a status of 404 (Not Found) @ http://localhost:6010/_next/static/chunks/main-app.js?v=1789997620186:0
[  461418ms] [ERROR] Failed to load resource: the server responded with a status of 404 (Not Found) @ http://localhost:6010/_next/static/chunks/app-pages-internals.js:0
[  461647ms] [ERROR] Failed to load resource: the server responded with a status of 404 (Not Found) @ http://localhost:6010/_next/static/chunks/main-app.js?v=1789997620421:0
[  461647ms] [ERROR] Failed to load resource: the server responded with a status of 404 (Not Found) @ http://localhost:6010/_next/static/chunks/app-pages-internals.js:0
[  461879ms] [ERROR] Failed to load resource: the server responded with a status of 404 (Not Found) @ http://localhost:6010/_next/static/chunks/main-app.js?v=1789997620641:0
[  461879ms] [ERROR] Failed to load resource: the server responded with a status of 404 (Not Found) @ http://localhost:6010/_next/static/chunks/app-pages-internals.js:0
[  462109ms] [ERROR] Failed to load resource: the server responded with a status of 404 (Not Found) @ http://localhost:6010/_next/static/chunks/main-app.js?v=1789997620870:0
[  462109ms] [ERROR] Failed to load resource: the server responded with a status of 404 (Not Found) @ http://localhost:6010/_next/static/chunks/app-pages-internals.js:0
[  462335ms] [ERROR] Failed to load resource: the server responded with a status of 404 (Not Found) @ http://localhost:6010/_next/static/chunks/main-app.js?v=1789997621110:0
[  462335ms] [ERROR] Failed to load resource: the server responded with a status of 404 (Not Found) @ http://localhost:6010/_next/static/chunks/app-pages-internals.js:0
[  462564ms] [ERROR] Failed to load resource: the server responded with a status of 404 (Not Found) @ http://localhost:6010/_next/static/chunks/main-app.js?v=1789997621328:0
[  462565ms] [ERROR] Failed to load resource: the server responded with a status of 404 (Not Found) @ http://localhost:6010/_next/static/chunks/app-pages-internals.js:0
[  462776ms] [ERROR] Failed to load resource: the server responded with a status of 404 (Not Found) @ http://localhost:6010/_next/static/chunks/main-app.js?v=1789997621554:0
[  462777ms] [ERROR] Failed to load resource: the server responded with a status of 404 (Not Found) @ http://localhost:6010/_next/static/chunks/app-pages-internals.js:0
[  462977ms] [ERROR] Failed to load resource: the server responded with a status of 404 (Not Found) @ http://localhost:6010/_next/static/chunks/main-app.js?v=1789997621758:0
[  462979ms] [ERROR] Failed to load resource: the server responded with a status of 404 (Not Found) @ http://localhost:6010/_next/static/chunks/app-pages-internals.js:0
[  463198ms] [ERROR] Failed to load resource: the server responded with a status of 404 (Not Found) @ http://localhost:6010/_next/static/chunks/main-app.js?v=1789997621969:0
[  463198ms] [ERROR] Failed to load resource: the server responded with a status of 404 (Not Found) @ http://localhost:6010/_next/static/chunks/app-pages-internals.js:0
[  463413ms] [ERROR] Failed to load resource: the server responded with a status of 404 (Not Found) @ http://localhost:6010/_next/static/chunks/main-app.js?v=1789997622186:0
[  463413ms] [ERROR] Failed to load resource: the server responded with a status of 404 (Not Found) @ http://localhost:6010/_next/static/chunks/app-pages-internals.js:0
[  463606ms] [ERROR] Failed to load resource: the server responded with a status of 404 (Not Found) @ http://localhost:6010/no-such-page:0
[  463614ms] [ERROR] Failed to load resource: the server responded with a status of 404 (Not Found) @ http://localhost:6010/_next/static/chunks/main-app.js?v=1789997622402:0
[  463614ms] [ERROR] Failed to load resource: the server responded with a status of 404 (Not Found) @ http://localhost:6010/_next/static/chunks/app-pages-internals.js:0
[  463849ms] [ERROR] Failed to load resource: the server responded with a status of 404 (Not Found) @ http://localhost:6010/_next/static/chunks/main-app.js?v=1789997622604:0
[  463849ms] [ERROR] Failed to load resource: the server responded with a status of 404 (Not Found) @ http://localhost:6010/_next/static/chunks/app-pages-internals.js:0
[  464063ms] [ERROR] Failed to load resource: the server responded with a status of 404 (Not Found) @ http://localhost:6010/_next/static/chunks/main-app.js?v=1789997622840:0
[  464063ms] [ERROR] Failed to load resource: the server responded with a status of 404 (Not Found) @ http://localhost:6010/_next/static/chunks/app-pages-internals.js:0
[  464298ms] [ERROR] Failed to load resource: the server responded with a status of 404 (Not Found) @ http://localhost:6010/_next/static/chunks/main-app.js?v=1789997623044:0
[  464299ms] [ERROR] Failed to load resource: the server responded with a status of 404 (Not Found) @ http://localhost:6010/_next/static/chunks/app-pages-internals.js:0
[  464550ms] [ERROR] Failed to load resource: the server responded with a status of 404 (Not Found) @ http://localhost:6010/_next/static/chunks/main-app.js?v=1789997623299:0
[  464550ms] [ERROR] Failed to load resource: the server responded with a status of 404 (Not Found) @ http://localhost:6010/_next/static/chunks/app-pages-internals.js:0
[  464776ms] [ERROR] Failed to load resource: the server responded with a status of 404 (Not Found) @ http://localhost:6010/_next/static/chunks/main-app.js?v=1789997623542:0
[  464776ms] [ERROR] Failed to load resource: the server responded with a status of 404 (Not Found) @ http://localhost:6010/_next/static/chunks/app-pages-internals.js:0
[  464991ms] [ERROR] Failed to load resource: the server responded with a status of 404 (Not Found) @ http://localhost:6010/_next/static/chunks/main-app.js?v=1789997623768:0
[  464992ms] [ERROR] Failed to load resource: the server responded with a status of 404 (Not Found) @ http://localhost:6010/_next/static/chunks/app-pages-internals.js:0
[  465220ms] [ERROR] Failed to load resource: the server responded with a status of 404 (Not Found) @ http://localhost:6010/_next/static/chunks/main-app.js?v=1789997623989:0
[  465220ms] [ERROR] Failed to load resource: the server responded with a status of 404 (Not Found) @ http://localhost:6010/_next/static/chunks/app-pages-internals.js:0
[  465447ms] [ERROR] Failed to load resource: the server responded with a status of 404 (Not Found) @ http://localhost:6010/_next/static/chunks/main-app.js?v=1789997624206:0
[  465447ms] [ERROR] Failed to load resource: the server responded with a status of 404 (Not Found) @ http://localhost:6010/_next/static/chunks/app-pages-internals.js:0
[  465671ms] [ERROR] Failed to load resource: the server responded with a status of 404 (Not Found) @ http://localhost:6010/_next/static/chunks/main-app.js?v=1789997624445:0
[  465672ms] [ERROR] Failed to load resource: the server responded with a status of 404 (Not Found) @ http://localhost:6010/_next/static/chunks/app-pages-internals.js:0
[  465893ms] [ERROR] Failed to load resource: the server responded with a status of 404 (Not Found) @ http://localhost:6010/_next/static/chunks/main-app.js?v=1789997624662:0
[  465894ms] [ERROR] Failed to load resource: the server responded with a status of 404 (Not Found) @ http://localhost:6010/_next/static/chunks/app-pages-internals.js:0
